file,line,function,html_report
src/adaptivecache.c,103,relayAdaptiveCacheSetOptions,/tmp/relay-coverage.adaptivecache.c.43ff03c9187189030785ba43567aaeaf.html#l103
src/adaptivecache.c,56,updateProperties,/tmp/relay-coverage.adaptivecache.c.43ff03c9187189030785ba43567aaeaf.html#l56
src/adaptivecache.c,123,zim_Relay_AdaptiveCache___construct,/tmp/relay-coverage.adaptivecache.c.43ff03c9187189030785ba43567aaeaf.html#l123
src/adaptivecache.c,127,zim_Relay_AdaptiveCache_flush,/tmp/relay-coverage.adaptivecache.c.43ff03c9187189030785ba43567aaeaf.html#l127
src/adaptivecache.c,178,zim_Relay_AdaptiveCache_incrBy,/tmp/relay-coverage.adaptivecache.c.43ff03c9187189030785ba43567aaeaf.html#l178
src/adaptivecache.c,148,zim_Relay_AdaptiveCache_lastFlush,/tmp/relay-coverage.adaptivecache.c.43ff03c9187189030785ba43567aaeaf.html#l148
src/adaptivecache.c,159,zim_Relay_AdaptiveCache_loadFactor,/tmp/relay-coverage.adaptivecache.c.43ff03c9187189030785ba43567aaeaf.html#l159
src/adaptivecache.c,207,zim_Relay_AdaptiveCache_stats,/tmp/relay-coverage.adaptivecache.c.43ff03c9187189030785ba43567aaeaf.html#l207
src/adaptivecache.c,119,zm_shutdown_relay_adaptivecache,/tmp/relay-coverage.adaptivecache.c.43ff03c9187189030785ba43567aaeaf.html#l119
src/cache.c,2979,cacheRhsResetPreallocated,/tmp/relay-coverage.cache.c.b0389f00813b8dd16d1cf5cf8ba1502d.html#l2979
src/cache.c,2955,cacheRhsUnwind,/tmp/relay-coverage.cache.c.b0389f00813b8dd16d1cf5cf8ba1502d.html#l2955
src/cache.c,216,ckRhsResetPreallocated,/tmp/relay-coverage.cache.c.b0389f00813b8dd16d1cf5cf8ba1502d.html#l216
src/cache.c,3158,cmsEntryCreate,/tmp/relay-coverage.cache.c.b0389f00813b8dd16d1cf5cf8ba1502d.html#l3158
src/cache.c,3171,cmsEntryFree,/tmp/relay-coverage.cache.c.b0389f00813b8dd16d1cf5cf8ba1502d.html#l3171
src/cache.c,3189,cmsEntryGet,/tmp/relay-coverage.cache.c.b0389f00813b8dd16d1cf5cf8ba1502d.html#l3189
src/cache.c,3143,cmsEntryLoadCms,/tmp/relay-coverage.cache.c.b0389f00813b8dd16d1cf5cf8ba1502d.html#l3143
src/cache.c,3153,cmsEntryStoreCms,/tmp/relay-coverage.cache.c.b0389f00813b8dd16d1cf5cf8ba1502d.html#l3153
src/cache.c,3128,cmsEntryTryPush,/tmp/relay-coverage.cache.c.b0389f00813b8dd16d1cf5cf8ba1502d.html#l3128
src/cache.c,2663,relayCacheRelease,/tmp/relay-coverage.cache.c.b0389f00813b8dd16d1cf5cf8ba1502d.html#l2663
src/cache.c,2195,relayCmsKeyStats,/tmp/relay-coverage.cache.c.b0389f00813b8dd16d1cf5cf8ba1502d.html#l2195
src/cache.c,3203,relayCmsStackGetOrCreate,/tmp/relay-coverage.cache.c.b0389f00813b8dd16d1cf5cf8ba1502d.html#l3203
src/cache.c,980,relayCreateSSLContext,/tmp/relay-coverage.cache.c.b0389f00813b8dd16d1cf5cf8ba1502d.html#l980
src/cache.c,3119,relayEndpointDetachWriter,/tmp/relay-coverage.cache.c.b0389f00813b8dd16d1cf5cf8ba1502d.html#l3119
src/cache.c,2803,relayEndpointFreeCache,/tmp/relay-coverage.cache.c.b0389f00813b8dd16d1cf5cf8ba1502d.html#l2803
src/cache.c,2753,relayEndpointGetZStr,/tmp/relay-coverage.cache.c.b0389f00813b8dd16d1cf5cf8ba1502d.html#l2753
src/cache.c,2762,relayEndpointGetZStrEx,/tmp/relay-coverage.cache.c.b0389f00813b8dd16d1cf5cf8ba1502d.html#l2762
src/cache.c,2123,relayEndpointInvalidate,/tmp/relay-coverage.cache.c.b0389f00813b8dd16d1cf5cf8ba1502d.html#l2123
src/cache.c,2095,relayEndpointInvalidateDBKey,/tmp/relay-coverage.cache.c.b0389f00813b8dd16d1cf5cf8ba1502d.html#l2095
src/cache.c,2130,relayEndpointInvalidateLeases,/tmp/relay-coverage.cache.c.b0389f00813b8dd16d1cf5cf8ba1502d.html#l2130
src/cache.c,483,relayEndpointNext,/tmp/relay-coverage.cache.c.b0389f00813b8dd16d1cf5cf8ba1502d.html#l483
src/cache.c,2515,relayEvictionPolicyToString,/tmp/relay-coverage.cache.c.b0389f00813b8dd16d1cf5cf8ba1502d.html#l2515
src/cache.c,909,relayLinkPathErrorSet,/tmp/relay-coverage.cache.c.b0389f00813b8dd16d1cf5cf8ba1502d.html#l909
src/cache.c,1037,relayNegotiateTLS,/tmp/relay-coverage.cache.c.b0389f00813b8dd16d1cf5cf8ba1502d.html#l1037
src/cache.c,1372,relayPLinkCmp,/tmp/relay-coverage.cache.c.b0389f00813b8dd16d1cf5cf8ba1502d.html#l1372
src/cache.c,1830,relayPushAutoFree,/tmp/relay-coverage.cache.c.b0389f00813b8dd16d1cf5cf8ba1502d.html#l1830
src/cache.c,1805,relayRedisInfoCopy,/tmp/relay-coverage.cache.c.b0389f00813b8dd16d1cf5cf8ba1502d.html#l1805
src/cache.c,112,relayReserveMapContainer,/tmp/relay-coverage.cache.c.b0389f00813b8dd16d1cf5cf8ba1502d.html#l112
src/cache.c,3369,relayReserveMapsRelease,/tmp/relay-coverage.cache.c.b0389f00813b8dd16d1cf5cf8ba1502d.html#l3369
src/cache.c,2934,relayRhsRemoveBatch,/tmp/relay-coverage.cache.c.b0389f00813b8dd16d1cf5cf8ba1502d.html#l2934
src/cache.c,1796,relayTlsCfgAddrefs,/tmp/relay-coverage.cache.c.b0389f00813b8dd16d1cf5cf8ba1502d.html#l1796
src/cache.c,1789,relay_zstr_addref_nonnull,/tmp/relay-coverage.cache.c.b0389f00813b8dd16d1cf5cf8ba1502d.html#l1789
src/cache.c,3277,reserveMapsPop,/tmp/relay-coverage.cache.c.b0389f00813b8dd16d1cf5cf8ba1502d.html#l3277
src/cache.c,3262,reserveMapsPush,/tmp/relay-coverage.cache.c.b0389f00813b8dd16d1cf5cf8ba1502d.html#l3262
src/cache.h,436,relayCmsKeyStatsZStr,/tmp/relay-coverage.cache.h.2be07c6c5c0b409ecd3a3282d43da6d8.html#l436
src/cache.h,336,relayLinkHasError,/tmp/relay-coverage.cache.h.2be07c6c5c0b409ecd3a3282d43da6d8.html#l336
src/cluster.c,2233,clusterSlotsEndpoint,/tmp/relay-coverage.cluster.c.c5a5a9be182c4489df78ebd6b6f9581f.html#l2233
src/cluster.c,2825,initAdaptiveCacheOptions,/tmp/relay-coverage.cluster.c.c5a5a9be182c4489df78ebd6b6f9581f.html#l2825
src/cluster.c,2044,randomOtherReplica,/tmp/relay-coverage.cluster.c.c5a5a9be182c4489df78ebd6b6f9581f.html#l2044
src/cluster.c,174,relayClusterAclCmd,/tmp/relay-coverage.cluster.c.c5a5a9be182c4489df78ebd6b6f9581f.html#l174
src/cluster.c,195,relayClusterBgSaveCmd,/tmp/relay-coverage.cluster.c.c5a5a9be182c4489df78ebd6b6f9581f.html#l195
src/cluster.c,214,relayClusterClientCmd,/tmp/relay-coverage.cluster.c.c5a5a9be182c4489df78ebd6b6f9581f.html#l214
src/cluster.c,233,relayClusterClusterCmd,/tmp/relay-coverage.cluster.c.c5a5a9be182c4489df78ebd6b6f9581f.html#l233
src/cluster.c,252,relayClusterClusterscanCmd,/tmp/relay-coverage.cluster.c.c5a5a9be182c4489df78ebd6b6f9581f.html#l252
src/cluster.c,335,relayClusterCommandCmd,/tmp/relay-coverage.cluster.c.c5a5a9be182c4489df78ebd6b6f9581f.html#l335
src/cluster.c,2495,relayClusterInitSlots,/tmp/relay-coverage.cluster.c.c5a5a9be182c4489df78ebd6b6f9581f.html#l2495
src/cluster.c,2780,relayClusterLoadIniSettings,/tmp/relay-coverage.cluster.c.c5a5a9be182c4489df78ebd6b6f9581f.html#l2780
src/cluster.c,547,relayClusterObjectCmd,/tmp/relay-coverage.cluster.c.c5a5a9be182c4489df78ebd6b6f9581f.html#l547
src/cluster.c,586,relayClusterPubSubCmd,/tmp/relay-coverage.cluster.c.c5a5a9be182c4489df78ebd6b6f9581f.html#l586
src/cluster.c,684,relayClusterScriptCmd,/tmp/relay-coverage.cluster.c.c5a5a9be182c4489df78ebd6b6f9581f.html#l684
src/cluster.c,703,relayClusterSlowLogCmd,/tmp/relay-coverage.cluster.c.c5a5a9be182c4489df78ebd6b6f9581f.html#l703
src/cluster.c,754,relayClusterWaitAOFCmd,/tmp/relay-coverage.cluster.c.c5a5a9be182c4489df78ebd6b6f9581f.html#l754
src/cluster.c,732,relayClusterWaitCmd,/tmp/relay-coverage.cluster.c.c5a5a9be182c4489df78ebd6b6f9581f.html#l732
src/cluster.c,2255,validateClusterSlotNode,/tmp/relay-coverage.cluster.c.c5a5a9be182c4489df78ebd6b6f9581f.html#l2255
src/cluster.c,2266,validateClusterSlotNodes,/tmp/relay-coverage.cluster.c.c5a5a9be182c4489df78ebd6b6f9581f.html#l2266
src/cluster.c,2275,validateClusterSlotReply,/tmp/relay-coverage.cluster.c.c5a5a9be182c4489df78ebd6b6f9581f.html#l2275
src/cluster.c,3874,zim_Relay_Cluster_acl,/tmp/relay-coverage.cluster.c.c5a5a9be182c4489df78ebd6b6f9581f.html#l3874
src/cluster.c,3876,zim_Relay_Cluster_bgrewriteaof,/tmp/relay-coverage.cluster.c.c5a5a9be182c4489df78ebd6b6f9581f.html#l3876
src/cluster.c,3877,zim_Relay_Cluster_bgsave,/tmp/relay-coverage.cluster.c.c5a5a9be182c4489df78ebd6b6f9581f.html#l3877
src/cluster.c,3881,zim_Relay_Cluster_blmove,/tmp/relay-coverage.cluster.c.c5a5a9be182c4489df78ebd6b6f9581f.html#l3881
src/cluster.c,3882,zim_Relay_Cluster_blmovem,/tmp/relay-coverage.cluster.c.c5a5a9be182c4489df78ebd6b6f9581f.html#l3882
src/cluster.c,3883,zim_Relay_Cluster_blmpop,/tmp/relay-coverage.cluster.c.c5a5a9be182c4489df78ebd6b6f9581f.html#l3883
src/cluster.c,3884,zim_Relay_Cluster_blpop,/tmp/relay-coverage.cluster.c.c5a5a9be182c4489df78ebd6b6f9581f.html#l3884
src/cluster.c,3885,zim_Relay_Cluster_brpop,/tmp/relay-coverage.cluster.c.c5a5a9be182c4489df78ebd6b6f9581f.html#l3885
src/cluster.c,3886,zim_Relay_Cluster_brpoplpush,/tmp/relay-coverage.cluster.c.c5a5a9be182c4489df78ebd6b6f9581f.html#l3886
src/cluster.c,3887,zim_Relay_Cluster_bzmpop,/tmp/relay-coverage.cluster.c.c5a5a9be182c4489df78ebd6b6f9581f.html#l3887
src/cluster.c,3888,zim_Relay_Cluster_bzpopmax,/tmp/relay-coverage.cluster.c.c5a5a9be182c4489df78ebd6b6f9581f.html#l3888
src/cluster.c,3889,zim_Relay_Cluster_bzpopmin,/tmp/relay-coverage.cluster.c.c5a5a9be182c4489df78ebd6b6f9581f.html#l3889
src/cluster.c,3392,zim_Relay_Cluster_clearTransferredBytes,/tmp/relay-coverage.cluster.c.c5a5a9be182c4489df78ebd6b6f9581f.html#l3392
src/cluster.c,3890,zim_Relay_Cluster_client,/tmp/relay-coverage.cluster.c.c5a5a9be182c4489df78ebd6b6f9581f.html#l3890
src/cluster.c,3891,zim_Relay_Cluster_cluster,/tmp/relay-coverage.cluster.c.c5a5a9be182c4489df78ebd6b6f9581f.html#l3891
src/cluster.c,3856,zim_Relay_Cluster_clusterscan,/tmp/relay-coverage.cluster.c.c5a5a9be182c4489df78ebd6b6f9581f.html#l3856
src/cluster.c,3893,zim_Relay_Cluster_command,/tmp/relay-coverage.cluster.c.c5a5a9be182c4489df78ebd6b6f9581f.html#l3893
src/cluster.c,3900,zim_Relay_Cluster_delifeq,/tmp/relay-coverage.cluster.c.c5a5a9be182c4489df78ebd6b6f9581f.html#l3900
src/cluster.c,3028,zim_Relay_Cluster_flushMemory,/tmp/relay-coverage.cluster.c.c5a5a9be182c4489df78ebd6b6f9581f.html#l3028
src/cluster.c,3916,zim_Relay_Cluster_gcra,/tmp/relay-coverage.cluster.c.c5a5a9be182c4489df78ebd6b6f9581f.html#l3916
src/cluster.c,3295,zim_Relay_Cluster_keys,/tmp/relay-coverage.cluster.c.c5a5a9be182c4489df78ebd6b6f9581f.html#l3295
src/cluster.c,3032,zim_Relay_Cluster_lastMemoryFlush,/tmp/relay-coverage.cluster.c.c5a5a9be182c4489df78ebd6b6f9581f.html#l3032
src/cluster.c,3987,zim_Relay_Cluster_object,/tmp/relay-coverage.cluster.c.c5a5a9be182c4489df78ebd6b6f9581f.html#l3987
src/cluster.c,3840,zim_Relay_Cluster_psubscribe,/tmp/relay-coverage.cluster.c.c5a5a9be182c4489df78ebd6b6f9581f.html#l3840
src/cluster.c,3998,zim_Relay_Cluster_publish,/tmp/relay-coverage.cluster.c.c5a5a9be182c4489df78ebd6b6f9581f.html#l3998
src/cluster.c,3999,zim_Relay_Cluster_pubsub,/tmp/relay-coverage.cluster.c.c5a5a9be182c4489df78ebd6b6f9581f.html#l3999
src/cluster.c,3843,zim_Relay_Cluster_punsubscribe,/tmp/relay-coverage.cluster.c.c5a5a9be182c4489df78ebd6b6f9581f.html#l3843
src/cluster.c,4004,zim_Relay_Cluster_role,/tmp/relay-coverage.cluster.c.c5a5a9be182c4489df78ebd6b6f9581f.html#l4004
src/cluster.c,4010,zim_Relay_Cluster_save,/tmp/relay-coverage.cluster.c.c5a5a9be182c4489df78ebd6b6f9581f.html#l4010
src/cluster.c,4012,zim_Relay_Cluster_script,/tmp/relay-coverage.cluster.c.c5a5a9be182c4489df78ebd6b6f9581f.html#l4012
src/cluster.c,4025,zim_Relay_Cluster_slowlog,/tmp/relay-coverage.cluster.c.c5a5a9be182c4489df78ebd6b6f9581f.html#l4025
src/cluster.c,3841,zim_Relay_Cluster_ssubscribe,/tmp/relay-coverage.cluster.c.c5a5a9be182c4489df78ebd6b6f9581f.html#l3841
src/cluster.c,3842,zim_Relay_Cluster_subscribe,/tmp/relay-coverage.cluster.c.c5a5a9be182c4489df78ebd6b6f9581f.html#l3842
src/cluster.c,3844,zim_Relay_Cluster_sunsubscribe,/tmp/relay-coverage.cluster.c.c5a5a9be182c4489df78ebd6b6f9581f.html#l3844
src/cluster.c,3845,zim_Relay_Cluster_unsubscribe,/tmp/relay-coverage.cluster.c.c5a5a9be182c4489df78ebd6b6f9581f.html#l3845
src/cluster.c,4056,zim_Relay_Cluster_wait,/tmp/relay-coverage.cluster.c.c5a5a9be182c4489df78ebd6b6f9581f.html#l4056
src/cluster.c,4057,zim_Relay_Cluster_waitaof,/tmp/relay-coverage.cluster.c.c5a5a9be182c4489df78ebd6b6f9581f.html#l4057
src/cluster.c,4071,zim_Relay_Cluster_xread,/tmp/relay-coverage.cluster.c.c5a5a9be182c4489df78ebd6b6f9581f.html#l4071
src/cluster.c,4072,zim_Relay_Cluster_xreadgroup,/tmp/relay-coverage.cluster.c.c5a5a9be182c4489df78ebd6b6f9581f.html#l4072
src/cluster.c,1422,zm_shutdown_relay_cluster,/tmp/relay-coverage.cluster.c.c5a5a9be182c4489df78ebd6b6f9581f.html#l1422
src/cms.c,361,cmsCountMin,/tmp/relay-coverage.cms.c.ab58d9b87805cd337763faadb222b7f0.html#l361
src/cms.c,243,cmsCountsSse,/tmp/relay-coverage.cms.c.ab58d9b87805cd337763faadb222b7f0.html#l243
src/cms.c,369,cmsCountsStd,/tmp/relay-coverage.cms.c.ab58d9b87805cd337763faadb222b7f0.html#l369
src/cms.c,301,cmsEmptyMaskAvx2,/tmp/relay-coverage.cms.c.ab58d9b87805cd337763faadb222b7f0.html#l301
src/cms.c,314,cmsNonZerosAvx2,/tmp/relay-coverage.cms.c.ab58d9b87805cd337763faadb222b7f0.html#l314
src/cms.c,274,cmsNonZerosAvx512,/tmp/relay-coverage.cms.c.ab58d9b87805cd337763faadb222b7f0.html#l274
src/cms.c,337,cmsNonZerosSse,/tmp/relay-coverage.cms.c.ab58d9b87805cd337763faadb222b7f0.html#l337
src/cms.c,397,cmsNonZerosStd,/tmp/relay-coverage.cms.c.ab58d9b87805cd337763faadb222b7f0.html#l397
src/cms.c,478,relayCmsCounts,/tmp/relay-coverage.cms.c.ab58d9b87805cd337763faadb222b7f0.html#l478
src/cms.c,80,relayCmsCreate,/tmp/relay-coverage.cms.c.ab58d9b87805cd337763faadb222b7f0.html#l80
src/cms.c,137,relayCmsDeriveHash,/tmp/relay-coverage.cms.c.ab58d9b87805cd337763faadb222b7f0.html#l137
src/cms.c,69,relayCmsFlush,/tmp/relay-coverage.cms.c.ab58d9b87805cd337763faadb222b7f0.html#l69
src/cms.c,42,relayCmsFlushStep,/tmp/relay-coverage.cms.c.ab58d9b87805cd337763faadb222b7f0.html#l42
src/cms.c,76,relayCmsFlushing,/tmp/relay-coverage.cms.c.ab58d9b87805cd337763faadb222b7f0.html#l76
src/cms.c,165,relayCmsHashKey,/tmp/relay-coverage.cms.c.ab58d9b87805cd337763faadb222b7f0.html#l165
src/cms.c,187,relayCmsIncr,/tmp/relay-coverage.cms.c.ab58d9b87805cd337763faadb222b7f0.html#l187
src/cms.c,209,relayCmsIncrby,/tmp/relay-coverage.cms.c.ab58d9b87805cd337763faadb222b7f0.html#l209
src/cms.c,487,relayCmsLoadFactor,/tmp/relay-coverage.cms.c.ab58d9b87805cd337763faadb222b7f0.html#l487
src/cms.c,29,relayCmsNextWidth,/tmp/relay-coverage.cms.c.ab58d9b87805cd337763faadb222b7f0.html#l29
src/cms.c,234,sse_min_epi64,/tmp/relay-coverage.cms.c.ab58d9b87805cd337763faadb222b7f0.html#l234
src/cms.h,86,relayCmsFormulaToString,/tmp/relay-coverage.cms.h.88ed0b70cec6e74f22730792964e8806.html#l86
src/cms.h,138,relayCmsLastFlush,/tmp/relay-coverage.cms.h.88ed0b70cec6e74f22730792964e8806.html#l138
src/cms.h,98,relayCmsRatio,/tmp/relay-coverage.cms.h.88ed0b70cec6e74f22730792964e8806.html#l98
src/command.c,38,cmdStringIsEqualCI,/tmp/relay-coverage.command.c.863537c156e2ae2f323133fe1f151a12.html#l38
src/command.c,28,lc,/tmp/relay-coverage.command.c.863537c156e2ae2f323133fe1f151a12.html#l28
src/command.c,22,load4,/tmp/relay-coverage.command.c.863537c156e2ae2f323133fe1f151a12.html#l22
src/command.c,16,load8,/tmp/relay-coverage.command.c.863537c156e2ae2f323133fe1f151a12.html#l16
src/command.c,201,relayI64ToString,/tmp/relay-coverage.command.c.863537c156e2ae2f323133fe1f151a12.html#l201
src/command.c,936,relayRespCmdCatKeyZendULong,/tmp/relay-coverage.command.c.863537c156e2ae2f323133fe1f151a12.html#l936
src/command.c,205,relayU64ToString,/tmp/relay-coverage.command.c.863537c156e2ae2f323133fe1f151a12.html#l205
src/commands.c,13359,ZStrToFpha,/tmp/relay-coverage.commands.c.8ee6625c91aaa30bedff56adf0c6990d.html#l13359
src/commands.c,2083,ZStrToScriptCmd,/tmp/relay-coverage.commands.c.8ee6625c91aaa30bedff56adf0c6990d.html#l2083
src/commands.c,11446,clientReplyToArray,/tmp/relay-coverage.commands.c.8ee6625c91aaa30bedff56adf0c6990d.html#l11446
src/commands.c,2246,fillHotkeysMetrics,/tmp/relay-coverage.commands.c.8ee6625c91aaa30bedff56adf0c6990d.html#l2246
src/commands.c,2238,fillHotkeysMetricsZStr,/tmp/relay-coverage.commands.c.8ee6625c91aaa30bedff56adf0c6990d.html#l2238
src/commands.c,2259,fillHotkeysOptions,/tmp/relay-coverage.commands.c.8ee6625c91aaa30bedff56adf0c6990d.html#l2259
src/commands.c,6588,incrExBoundWarn,/tmp/relay-coverage.commands.c.8ee6625c91aaa30bedff56adf0c6990d.html#l6588
src/commands.c,12417,isFlatZRangeWithScoresArray,/tmp/relay-coverage.commands.c.8ee6625c91aaa30bedff56adf0c6990d.html#l12417
src/commands.c,17081,redisCmdToSubscribeType,/tmp/relay-coverage.commands.c.8ee6625c91aaa30bedff56adf0c6990d.html#l17081
src/commands.c,4686,relayAclRCmd,/tmp/relay-coverage.commands.c.8ee6625c91aaa30bedff56adf0c6990d.html#l4686
src/commands.c,10969,relayAddAssocVariantZStr,/tmp/relay-coverage.commands.c.8ee6625c91aaa30bedff56adf0c6990d.html#l10969
src/commands.c,17457,relayAsking,/tmp/relay-coverage.commands.c.8ee6625c91aaa30bedff56adf0c6990d.html#l17457
src/commands.c,17332,relayAttachSubscribeCallbacks,/tmp/relay-coverage.commands.c.8ee6625c91aaa30bedff56adf0c6990d.html#l17332
src/commands.c,3169,relayBGSaveRCmd,/tmp/relay-coverage.commands.c.8ee6625c91aaa30bedff56adf0c6990d.html#l3169
src/commands.c,2518,relayBitPosBytes,/tmp/relay-coverage.commands.c.8ee6625c91aaa30bedff56adf0c6990d.html#l2518
src/commands.c,2548,relayBitPosRange,/tmp/relay-coverage.commands.c.8ee6625c91aaa30bedff56adf0c6990d.html#l2548
src/commands.c,5267,relayBlockingPopRCmd,/tmp/relay-coverage.commands.c.8ee6625c91aaa30bedff56adf0c6990d.html#l5267
src/commands.c,12503,relayBlockingPopReply,/tmp/relay-coverage.commands.c.8ee6625c91aaa30bedff56adf0c6990d.html#l12503
src/commands.c,17315,relayCallSubscribeCallback,/tmp/relay-coverage.commands.c.8ee6625c91aaa30bedff56adf0c6990d.html#l17315
src/commands.c,17259,relayCallSubscribeFunction,/tmp/relay-coverage.commands.c.8ee6625c91aaa30bedff56adf0c6990d.html#l17259
src/commands.c,14934,relayCheckFtSpellCheckDictionaries,/tmp/relay-coverage.commands.c.8ee6625c91aaa30bedff56adf0c6990d.html#l14934
src/commands.c,17182,relayClearSubscribedChannels,/tmp/relay-coverage.commands.c.8ee6625c91aaa30bedff56adf0c6990d.html#l17182
src/commands.c,1808,relayClientRCmd,/tmp/relay-coverage.commands.c.8ee6625c91aaa30bedff56adf0c6990d.html#l1808
src/commands.c,11465,relayClientReply,/tmp/relay-coverage.commands.c.8ee6625c91aaa30bedff56adf0c6990d.html#l11465
src/commands.c,18607,relayClusterKeysCommand,/tmp/relay-coverage.commands.c.8ee6625c91aaa30bedff56adf0c6990d.html#l18607
src/commands.c,1939,relayClusterRCmd,/tmp/relay-coverage.commands.c.8ee6625c91aaa30bedff56adf0c6990d.html#l1939
src/commands.c,11510,relayClusterReply,/tmp/relay-coverage.commands.c.8ee6625c91aaa30bedff56adf0c6990d.html#l11510
src/commands.c,19081,relayClusterSubscribeCommand,/tmp/relay-coverage.commands.c.8ee6625c91aaa30bedff56adf0c6990d.html#l19081
src/commands.c,3339,relayCmpSetsBySizeAsc,/tmp/relay-coverage.commands.c.8ee6625c91aaa30bedff56adf0c6990d.html#l3339
src/commands.c,3348,relayCmpSetsBySizeDec,/tmp/relay-coverage.commands.c.8ee6625c91aaa30bedff56adf0c6990d.html#l3348
src/commands.c,6192,relayCmsIncrbyRCmd,/tmp/relay-coverage.commands.c.8ee6625c91aaa30bedff56adf0c6990d.html#l6192
src/commands.c,6152,relayCmsMergeRCmd,/tmp/relay-coverage.commands.c.8ee6625c91aaa30bedff56adf0c6990d.html#l6152
src/commands.c,4666,relayCommandLogRCmd,/tmp/relay-coverage.commands.c.8ee6625c91aaa30bedff56adf0c6990d.html#l4666
src/commands.c,2009,relayCommandRCmd,/tmp/relay-coverage.commands.c.8ee6625c91aaa30bedff56adf0c6990d.html#l2009
src/commands.c,11521,relayCommandReply,/tmp/relay-coverage.commands.c.8ee6625c91aaa30bedff56adf0c6990d.html#l11521
src/commands.c,15737,relayConstantBackoff,/tmp/relay-coverage.commands.c.8ee6625c91aaa30bedff56adf0c6990d.html#l15737
src/commands.c,16273,relayCreateMultiException,/tmp/relay-coverage.commands.c.8ee6625c91aaa30bedff56adf0c6990d.html#l16273
src/commands.c,16256,relayCreateWrongtypeException,/tmp/relay-coverage.commands.c.8ee6625c91aaa30bedff56adf0c6990d.html#l16256
src/commands.c,15703,relayDecorrelatedJitterBackoff,/tmp/relay-coverage.commands.c.8ee6625c91aaa30bedff56adf0c6990d.html#l15703
src/commands.c,15725,relayExponentialBackoff,/tmp/relay-coverage.commands.c.8ee6625c91aaa30bedff56adf0c6990d.html#l15725
src/commands.c,17241,relayFindSubscribeCallback,/tmp/relay-coverage.commands.c.8ee6625c91aaa30bedff56adf0c6990d.html#l17241
src/commands.c,13775,relayFtAggregateRCmd,/tmp/relay-coverage.commands.c.8ee6625c91aaa30bedff56adf0c6990d.html#l13775
src/commands.c,14340,relayFtAlterRCmd,/tmp/relay-coverage.commands.c.8ee6625c91aaa30bedff56adf0c6990d.html#l14340
src/commands.c,15121,relayFtConfigFmt,/tmp/relay-coverage.commands.c.8ee6625c91aaa30bedff56adf0c6990d.html#l15121
src/commands.c,14174,relayFtConfigRCmd,/tmp/relay-coverage.commands.c.8ee6625c91aaa30bedff56adf0c6990d.html#l14174
src/commands.c,14206,relayFtCreateRCmd,/tmp/relay-coverage.commands.c.8ee6625c91aaa30bedff56adf0c6990d.html#l14206
src/commands.c,14298,relayFtCursorRCmd,/tmp/relay-coverage.commands.c.8ee6625c91aaa30bedff56adf0c6990d.html#l14298
src/commands.c,14390,relayFtDictModRCmd,/tmp/relay-coverage.commands.c.8ee6625c91aaa30bedff56adf0c6990d.html#l14390
src/commands.c,14748,relayFtExplainRCmd,/tmp/relay-coverage.commands.c.8ee6625c91aaa30bedff56adf0c6990d.html#l14748
src/commands.c,13863,relayFtIndexAliasRCmd,/tmp/relay-coverage.commands.c.8ee6625c91aaa30bedff56adf0c6990d.html#l13863
src/commands.c,14774,relayFtProfileRCmd,/tmp/relay-coverage.commands.c.8ee6625c91aaa30bedff56adf0c6990d.html#l14774
src/commands.c,15159,relayFtReplyFmt,/tmp/relay-coverage.commands.c.8ee6625c91aaa30bedff56adf0c6990d.html#l15159
src/commands.c,14802,relayFtSearchRCmd,/tmp/relay-coverage.commands.c.8ee6625c91aaa30bedff56adf0c6990d.html#l14802
src/commands.c,15043,relayFtSpellCheckRCmd,/tmp/relay-coverage.commands.c.8ee6625c91aaa30bedff56adf0c6990d.html#l15043
src/commands.c,15071,relayFtSynUpdateRCmd,/tmp/relay-coverage.commands.c.8ee6625c91aaa30bedff56adf0c6990d.html#l15071
src/commands.c,15105,relayFtTagValsRCmd,/tmp/relay-coverage.commands.c.8ee6625c91aaa30bedff56adf0c6990d.html#l15105
src/commands.c,15695,relayFullJitterBackoff,/tmp/relay-coverage.commands.c.8ee6625c91aaa30bedff56adf0c6990d.html#l15695
src/commands.c,4720,relayGcraRCmd,/tmp/relay-coverage.commands.c.8ee6625c91aaa30bedff56adf0c6990d.html#l4720
src/commands.c,4066,relayGetDB2,/tmp/relay-coverage.commands.c.8ee6625c91aaa30bedff56adf0c6990d.html#l4066
src/commands.c,13595,relayGetFtAggregateGroupbyOptions,/tmp/relay-coverage.commands.c.8ee6625c91aaa30bedff56adf0c6990d.html#l13595
src/commands.c,13655,relayGetFtAggregateOptions,/tmp/relay-coverage.commands.c.8ee6625c91aaa30bedff56adf0c6990d.html#l13655
src/commands.c,13539,relayGetFtAggregateSortbyOptions,/tmp/relay-coverage.commands.c.8ee6625c91aaa30bedff56adf0c6990d.html#l13539
src/commands.c,13905,relayGetFtFieldOptions,/tmp/relay-coverage.commands.c.8ee6625c91aaa30bedff56adf0c6990d.html#l13905
src/commands.c,14018,relayGetFtIndexOptions,/tmp/relay-coverage.commands.c.8ee6625c91aaa30bedff56adf0c6990d.html#l14018
src/commands.c,14471,relayGetFtSearchHighlightOptions,/tmp/relay-coverage.commands.c.8ee6625c91aaa30bedff56adf0c6990d.html#l14471
src/commands.c,14578,relayGetFtSearchOptions,/tmp/relay-coverage.commands.c.8ee6625c91aaa30bedff56adf0c6990d.html#l14578
src/commands.c,14511,relayGetFtSearchSortOptions,/tmp/relay-coverage.commands.c.8ee6625c91aaa30bedff56adf0c6990d.html#l14511
src/commands.c,14419,relayGetFtSearchSummarizeOptions,/tmp/relay-coverage.commands.c.8ee6625c91aaa30bedff56adf0c6990d.html#l14419
src/commands.c,14960,relayGetFtSpellCheckOptions,/tmp/relay-coverage.commands.c.8ee6625c91aaa30bedff56adf0c6990d.html#l14960
src/commands.c,9872,relayGetVarkeysHt,/tmp/relay-coverage.commands.c.8ee6625c91aaa30bedff56adf0c6990d.html#l9872
src/commands.c,5893,relayHRandFieldArrayKeys,/tmp/relay-coverage.commands.c.8ee6625c91aaa30bedff56adf0c6990d.html#l5893
src/commands.c,5835,relayHashDelZVal,/tmp/relay-coverage.commands.c.8ee6625c91aaa30bedff56adf0c6990d.html#l5835
src/commands.c,10111,relayHaveListElement,/tmp/relay-coverage.commands.c.8ee6625c91aaa30bedff56adf0c6990d.html#l10111
src/commands.c,2307,relayHotkeysRCmd,/tmp/relay-coverage.commands.c.8ee6625c91aaa30bedff56adf0c6990d.html#l2307
src/commands.c,11247,relayIsUnsubscribeCmd,/tmp/relay-coverage.commands.c.8ee6625c91aaa30bedff56adf0c6990d.html#l11247
src/commands.c,13015,relayJsonArrAppendRCmd,/tmp/relay-coverage.commands.c.8ee6625c91aaa30bedff56adf0c6990d.html#l13015
src/commands.c,13046,relayJsonArrIndexRCmd,/tmp/relay-coverage.commands.c.8ee6625c91aaa30bedff56adf0c6990d.html#l13046
src/commands.c,13076,relayJsonArrInsertRCmd,/tmp/relay-coverage.commands.c.8ee6625c91aaa30bedff56adf0c6990d.html#l13076
src/commands.c,13105,relayJsonArrPopRCmd,/tmp/relay-coverage.commands.c.8ee6625c91aaa30bedff56adf0c6990d.html#l13105
src/commands.c,13126,relayJsonArrTrimRCmd,/tmp/relay-coverage.commands.c.8ee6625c91aaa30bedff56adf0c6990d.html#l13126
src/commands.c,13147,relayJsonDebugRCmd,/tmp/relay-coverage.commands.c.8ee6625c91aaa30bedff56adf0c6990d.html#l13147
src/commands.c,13171,relayJsonGetRCmd,/tmp/relay-coverage.commands.c.8ee6625c91aaa30bedff56adf0c6990d.html#l13171
src/commands.c,13466,relayJsonKeyOptPathRCmd,/tmp/relay-coverage.commands.c.8ee6625c91aaa30bedff56adf0c6990d.html#l13466
src/commands.c,13303,relayJsonKeyPathLongRCmd,/tmp/relay-coverage.commands.c.8ee6625c91aaa30bedff56adf0c6990d.html#l13303
src/commands.c,13450,relayJsonKeyPathRCmd,/tmp/relay-coverage.commands.c.8ee6625c91aaa30bedff56adf0c6990d.html#l13450
src/commands.c,13216,relayJsonMergeRCmd,/tmp/relay-coverage.commands.c.8ee6625c91aaa30bedff56adf0c6990d.html#l13216
src/commands.c,13239,relayJsonMgetRCmd,/tmp/relay-coverage.commands.c.8ee6625c91aaa30bedff56adf0c6990d.html#l13239
src/commands.c,13267,relayJsonMsetRCmd,/tmp/relay-coverage.commands.c.8ee6625c91aaa30bedff56adf0c6990d.html#l13267
src/commands.c,13483,relayJsonReplyFmt,/tmp/relay-coverage.commands.c.8ee6625c91aaa30bedff56adf0c6990d.html#l13483
src/commands.c,13496,relayJsonRespReply,/tmp/relay-coverage.commands.c.8ee6625c91aaa30bedff56adf0c6990d.html#l13496
src/commands.c,13408,relayJsonSetRCmd,/tmp/relay-coverage.commands.c.8ee6625c91aaa30bedff56adf0c6990d.html#l13408
src/commands.c,13322,relayJsonStrAppendRCmd,/tmp/relay-coverage.commands.c.8ee6625c91aaa30bedff56adf0c6990d.html#l13322
src/commands.c,4852,relayKeyDblDblRCmd,/tmp/relay-coverage.commands.c.8ee6625c91aaa30bedff56adf0c6990d.html#l4852
src/commands.c,2366,relayKeyStrRCmd,/tmp/relay-coverage.commands.c.8ee6625c91aaa30bedff56adf0c6990d.html#l2366
src/commands.c,10125,relayListIndexToPos,/tmp/relay-coverage.commands.c.8ee6625c91aaa30bedff56adf0c6990d.html#l10125
src/commands.c,10141,relayListLenKeyInRange,/tmp/relay-coverage.commands.c.8ee6625c91aaa30bedff56adf0c6990d.html#l10141
src/commands.c,4782,relayLongLongLongRCmd,/tmp/relay-coverage.commands.c.8ee6625c91aaa30bedff56adf0c6990d.html#l4782
src/commands.c,4765,relayLongLongRCmd,/tmp/relay-coverage.commands.c.8ee6625c91aaa30bedff56adf0c6990d.html#l4765
src/commands.c,105,relayMalformedReplyEx,/tmp/relay-coverage.commands.c.8ee6625c91aaa30bedff56adf0c6990d.html#l105
src/commands.c,86,relayMalformedReplyV,/tmp/relay-coverage.commands.c.8ee6625c91aaa30bedff56adf0c6990d.html#l86
src/commands.c,124,relayMalformedReplyWrongTypeEx,/tmp/relay-coverage.commands.c.8ee6625c91aaa30bedff56adf0c6990d.html#l124
src/commands.c,1398,relayMapEntryStrlen,/tmp/relay-coverage.commands.c.8ee6625c91aaa30bedff56adf0c6990d.html#l1398
src/commands.c,1194,relayMergeHashMems,/tmp/relay-coverage.commands.c.8ee6625c91aaa30bedff56adf0c6990d.html#l1194
src/commands.c,10012,relayMigrateRCmd,/tmp/relay-coverage.commands.c.8ee6625c91aaa30bedff56adf0c6990d.html#l10012
src/commands.c,2449,relayPopCount,/tmp/relay-coverage.commands.c.8ee6625c91aaa30bedff56adf0c6990d.html#l2449
src/commands.c,2457,relayPopCountBytes,/tmp/relay-coverage.commands.c.8ee6625c91aaa30bedff56adf0c6990d.html#l2457
src/commands.c,2444,relayPopCountNative,/tmp/relay-coverage.commands.c.8ee6625c91aaa30bedff56adf0c6990d.html#l2444
src/commands.c,2509,relayPopCountRStrRange,/tmp/relay-coverage.commands.c.8ee6625c91aaa30bedff56adf0c6990d.html#l2509
src/commands.c,2027,relayPubSubRCmd,/tmp/relay-coverage.commands.c.8ee6625c91aaa30bedff56adf0c6990d.html#l2027
src/commands.c,11119,relayPubSubReply,/tmp/relay-coverage.commands.c.8ee6625c91aaa30bedff56adf0c6990d.html#l11119
src/commands.c,884,relayQuerySetAddMemHt,/tmp/relay-coverage.commands.c.8ee6625c91aaa30bedff56adf0c6990d.html#l884
src/commands.c,1390,relayQuerySetUnpackMapEntry,/tmp/relay-coverage.commands.c.8ee6625c91aaa30bedff56adf0c6990d.html#l1390
src/commands.c,5858,relayRandArrayTrim,/tmp/relay-coverage.commands.c.8ee6625c91aaa30bedff56adf0c6990d.html#l5858
src/commands.c,5917,relayRandMemArbitrary,/tmp/relay-coverage.commands.c.8ee6625c91aaa30bedff56adf0c6990d.html#l5917
src/commands.c,5960,relayRandMemSample,/tmp/relay-coverage.commands.c.8ee6625c91aaa30bedff56adf0c6990d.html#l5960
src/commands.c,11365,relayReSubscribe,/tmp/relay-coverage.commands.c.8ee6625c91aaa30bedff56adf0c6990d.html#l11365
src/commands.c,4801,relayReplicaofRCmd,/tmp/relay-coverage.commands.c.8ee6625c91aaa30bedff56adf0c6990d.html#l4801
src/commands.c,75,relayReplyFailure,/tmp/relay-coverage.commands.c.8ee6625c91aaa30bedff56adf0c6990d.html#l75
src/commands.c,11262,relayReplyQueuePush,/tmp/relay-coverage.commands.c.8ee6625c91aaa30bedff56adf0c6990d.html#l11262
src/commands.c,16264,relayReportWrongtype,/tmp/relay-coverage.commands.c.8ee6625c91aaa30bedff56adf0c6990d.html#l16264
src/commands.c,4644,relayRespAclCmd,/tmp/relay-coverage.commands.c.8ee6625c91aaa30bedff56adf0c6990d.html#l4644
src/commands.c,1773,relayRespClientCmd,/tmp/relay-coverage.commands.c.8ee6625c91aaa30bedff56adf0c6990d.html#l1773
src/commands.c,1821,relayRespClusterCmd,/tmp/relay-coverage.commands.c.8ee6625c91aaa30bedff56adf0c6990d.html#l1821
src/commands.c,13380,relayRespCmdCatFpha,/tmp/relay-coverage.commands.c.8ee6625c91aaa30bedff56adf0c6990d.html#l13380
src/commands.c,14125,relayRespCmdCatFtSchema,/tmp/relay-coverage.commands.c.8ee6625c91aaa30bedff56adf0c6990d.html#l14125
src/commands.c,15025,relayRespCmdCatFtSpellCheckTerms,/tmp/relay-coverage.commands.c.8ee6625c91aaa30bedff56adf0c6990d.html#l15025
src/commands.c,8111,relayRespCmdCatStreams,/tmp/relay-coverage.commands.c.8ee6625c91aaa30bedff56adf0c6990d.html#l8111
src/commands.c,1953,relayRespCommandCmd,/tmp/relay-coverage.commands.c.8ee6625c91aaa30bedff56adf0c6990d.html#l1953
src/commands.c,2105,relayRespScriptCmd,/tmp/relay-coverage.commands.c.8ee6625c91aaa30bedff56adf0c6990d.html#l2105
src/commands.c,2188,relayRespSlowLogCmd,/tmp/relay-coverage.commands.c.8ee6625c91aaa30bedff56adf0c6990d.html#l2188
src/commands.c,2174,relayScriptRCmd,/tmp/relay-coverage.commands.c.8ee6625c91aaa30bedff56adf0c6990d.html#l2174
src/commands.c,2213,relaySlowLogRCmd,/tmp/relay-coverage.commands.c.8ee6625c91aaa30bedff56adf0c6990d.html#l2213
src/commands.c,2351,relayStrKeyRCmd,/tmp/relay-coverage.commands.c.8ee6625c91aaa30bedff56adf0c6990d.html#l2351
src/commands.c,17360,relaySubscribeCommand,/tmp/relay-coverage.commands.c.8ee6625c91aaa30bedff56adf0c6990d.html#l17360
src/commands.c,12962,relaySubscribeRCmd,/tmp/relay-coverage.commands.c.8ee6625c91aaa30bedff56adf0c6990d.html#l12962
src/commands.c,11402,relaySubscribeReply,/tmp/relay-coverage.commands.c.8ee6625c91aaa30bedff56adf0c6990d.html#l11402
src/commands.c,3987,relaySwapDB,/tmp/relay-coverage.commands.c.8ee6625c91aaa30bedff56adf0c6990d.html#l3987
src/commands.c,1686,relaySwapDbRCmd,/tmp/relay-coverage.commands.c.8ee6625c91aaa30bedff56adf0c6990d.html#l1686
src/commands.c,4493,relayTreatListRange,/tmp/relay-coverage.commands.c.8ee6625c91aaa30bedff56adf0c6990d.html#l4493
src/commands.c,1478,relayTreatStringRange,/tmp/relay-coverage.commands.c.8ee6625c91aaa30bedff56adf0c6990d.html#l1478
src/commands.c,15731,relayUniformBackoff,/tmp/relay-coverage.commands.c.8ee6625c91aaa30bedff56adf0c6990d.html#l15731
src/commands.c,1367,relayUnpackMapEntry,/tmp/relay-coverage.commands.c.8ee6625c91aaa30bedff56adf0c6990d.html#l1367
src/commands.c,12027,relayUnpackStreamMessage,/tmp/relay-coverage.commands.c.8ee6625c91aaa30bedff56adf0c6990d.html#l12027
src/commands.c,12990,relayUnsubscribeRCmd,/tmp/relay-coverage.commands.c.8ee6625c91aaa30bedff56adf0c6990d.html#l12990
src/commands.c,12129,relayXAutoClaimFmt,/tmp/relay-coverage.commands.c.8ee6625c91aaa30bedff56adf0c6990d.html#l12129
src/commands.c,12057,relayXClaimFmt,/tmp/relay-coverage.commands.c.8ee6625c91aaa30bedff56adf0c6990d.html#l12057
src/commands.c,12262,relayXReadAddStream,/tmp/relay-coverage.commands.c.8ee6625c91aaa30bedff56adf0c6990d.html#l12262
src/commands.c,12310,relayXReadFmt,/tmp/relay-coverage.commands.c.8ee6625c91aaa30bedff56adf0c6990d.html#l12310
src/commands.c,8139,relayXReadRCmd,/tmp/relay-coverage.commands.c.8ee6625c91aaa30bedff56adf0c6990d.html#l8139
src/commands.c,8165,relayXReadgroupRCmd,/tmp/relay-coverage.commands.c.8ee6625c91aaa30bedff56adf0c6990d.html#l8165
src/commands.c,8776,relayZSetFindMember,/tmp/relay-coverage.commands.c.8ee6625c91aaa30bedff56adf0c6990d.html#l8776
src/commands.c,8660,relayZSetLexLowerBound,/tmp/relay-coverage.commands.c.8ee6625c91aaa30bedff56adf0c6990d.html#l8660
src/commands.c,8692,relayZSetLexUpperBound,/tmp/relay-coverage.commands.c.8ee6625c91aaa30bedff56adf0c6990d.html#l8692
src/commands.c,8443,relayZSetLowerBound,/tmp/relay-coverage.commands.c.8ee6625c91aaa30bedff56adf0c6990d.html#l8443
src/commands.c,8638,relayZSetMemberCompare,/tmp/relay-coverage.commands.c.8ee6625c91aaa30bedff56adf0c6990d.html#l8638
src/commands.c,9122,relayZSetModeCompatible,/tmp/relay-coverage.commands.c.8ee6625c91aaa30bedff56adf0c6990d.html#l9122
src/commands.c,8500,relayZSetRankEnd,/tmp/relay-coverage.commands.c.8ee6625c91aaa30bedff56adf0c6990d.html#l8500
src/commands.c,8576,relayZSetRankRange,/tmp/relay-coverage.commands.c.8ee6625c91aaa30bedff56adf0c6990d.html#l8576
src/commands.c,8487,relayZSetRankStart,/tmp/relay-coverage.commands.c.8ee6625c91aaa30bedff56adf0c6990d.html#l8487
src/commands.c,8607,relayZSetScoreRangeCovered,/tmp/relay-coverage.commands.c.8ee6625c91aaa30bedff56adf0c6990d.html#l8607
src/commands.c,8465,relayZSetUpperBound,/tmp/relay-coverage.commands.c.8ee6625c91aaa30bedff56adf0c6990d.html#l8465
src/commands.c,9007,relayZrangeToZVal,/tmp/relay-coverage.commands.c.8ee6625c91aaa30bedff56adf0c6990d.html#l9007
src/commands.c,5853,relay_array_pick_keys,/tmp/relay-coverage.commands.c.8ee6625c91aaa30bedff56adf0c6990d.html#l5853
src/commands.c,11347,subscribeTypeToRedisCmd,/tmp/relay-coverage.commands.c.8ee6625c91aaa30bedff56adf0c6990d.html#l11347
src/heartbeat.c,739,addHbConstantZVal,/tmp/relay-coverage.heartbeat.c.151734bad550a8d8276063151e47938f.html#l739
src/heartbeat.c,753,buildHBConstantsArray,/tmp/relay-coverage.heartbeat.c.151734bad550a8d8276063151e47938f.html#l753
src/heartbeat.c,776,buildHBEnvVarsArray,/tmp/relay-coverage.heartbeat.c.151734bad550a8d8276063151e47938f.html#l776
src/heartbeat.c,347,relayGetHttpHeader,/tmp/relay-coverage.heartbeat.c.151734bad550a8d8276063151e47938f.html#l347
src/heartbeat.c,731,relayGetNProc,/tmp/relay-coverage.heartbeat.c.151734bad550a8d8276063151e47938f.html#l731
src/heartbeat.c,625,relayGetRuntimeField,/tmp/relay-coverage.heartbeat.c.151734bad550a8d8276063151e47938f.html#l625
src/heartbeat.c,723,relayGetSystemMemory,/tmp/relay-coverage.heartbeat.c.151734bad550a8d8276063151e47938f.html#l723
src/heartbeat.c,473,relayGetUagent,/tmp/relay-coverage.heartbeat.c.151734bad550a8d8276063151e47938f.html#l473
src/heartbeat.c,1033,relayHBTypeToString,/tmp/relay-coverage.heartbeat.c.151734bad550a8d8276063151e47938f.html#l1033
src/heartbeat.c,170,relayHaveDockerEnv,/tmp/relay-coverage.heartbeat.c.151734bad550a8d8276063151e47938f.html#l170
src/heartbeat.c,1122,relayHeartbeatAddressCreate,/tmp/relay-coverage.heartbeat.c.151734bad550a8d8276063151e47938f.html#l1122
src/heartbeat.c,252,relayHeartbeatEndpoint,/tmp/relay-coverage.heartbeat.c.151734bad550a8d8276063151e47938f.html#l252
src/heartbeat.c,270,relayHeartbeatGracePeriod,/tmp/relay-coverage.heartbeat.c.151734bad550a8d8276063151e47938f.html#l270
src/heartbeat.c,249,relayHeartbeatHost,/tmp/relay-coverage.heartbeat.c.151734bad550a8d8276063151e47938f.html#l249
src/heartbeat.c,1045,relayHeartbeatHttpPost,/tmp/relay-coverage.heartbeat.c.151734bad550a8d8276063151e47938f.html#l1045
src/heartbeat.c,1170,relayHeartbeatInfoCreate,/tmp/relay-coverage.heartbeat.c.151734bad550a8d8276063151e47938f.html#l1170
src/heartbeat.c,1224,relayHeartbeatInfoData,/tmp/relay-coverage.heartbeat.c.151734bad550a8d8276063151e47938f.html#l1224
src/heartbeat.c,1081,relayHeartbeatInfoPoll,/tmp/relay-coverage.heartbeat.c.151734bad550a8d8276063151e47938f.html#l1081
src/heartbeat.c,494,relayHeartbeatInfoSetError,/tmp/relay-coverage.heartbeat.c.151734bad550a8d8276063151e47938f.html#l494
src/heartbeat.c,1230,relayHeartbeatInfoStatus,/tmp/relay-coverage.heartbeat.c.151734bad550a8d8276063151e47938f.html#l1230
src/heartbeat.c,1135,relayHeartbeatInfoStreamCreate,/tmp/relay-coverage.heartbeat.c.151734bad550a8d8276063151e47938f.html#l1135
src/heartbeat.c,263,relayHeartbeatInterval,/tmp/relay-coverage.heartbeat.c.151734bad550a8d8276063151e47938f.html#l263
src/heartbeat.c,253,relayHeartbeatMinInterval,/tmp/relay-coverage.heartbeat.c.151734bad550a8d8276063151e47938f.html#l253
src/heartbeat.c,250,relayHeartbeatPort,/tmp/relay-coverage.heartbeat.c.151734bad550a8d8276063151e47938f.html#l250
src/heartbeat.c,528,relayHeartbeatRead,/tmp/relay-coverage.heartbeat.c.151734bad550a8d8276063151e47938f.html#l528
src/heartbeat.c,502,relayHeartbeatReadCb,/tmp/relay-coverage.heartbeat.c.151734bad550a8d8276063151e47938f.html#l502
src/heartbeat.c,823,relayHeartbeatTelemetryArray,/tmp/relay-coverage.heartbeat.c.151734bad550a8d8276063151e47938f.html#l823
src/heartbeat.c,1021,relayHeartbeatTelemetryJson,/tmp/relay-coverage.heartbeat.c.151734bad550a8d8276063151e47938f.html#l1021
src/heartbeat.c,254,relayHeartbeatTimeOffset,/tmp/relay-coverage.heartbeat.c.151734bad550a8d8276063151e47938f.html#l254
src/heartbeat.c,251,relayHeartbeatUserAgent,/tmp/relay-coverage.heartbeat.c.151734bad550a8d8276063151e47938f.html#l251
src/heartbeat.c,545,relayHeartbeatWrite,/tmp/relay-coverage.heartbeat.c.151734bad550a8d8276063151e47938f.html#l545
src/heartbeat.c,515,relayHeartbeatWriteCb,/tmp/relay-coverage.heartbeat.c.151734bad550a8d8276063151e47938f.html#l515
src/heartbeat.c,1318,relayHostNamesPut,/tmp/relay-coverage.heartbeat.c.151734bad550a8d8276063151e47938f.html#l1318
src/heartbeat.c,1283,relayHostNamesRelease,/tmp/relay-coverage.heartbeat.c.151734bad550a8d8276063151e47938f.html#l1283
src/heartbeat.c,805,relayHostNamesToArray,/tmp/relay-coverage.heartbeat.c.151734bad550a8d8276063151e47938f.html#l805
src/heartbeat.c,1199,relayLicenseRequest,/tmp/relay-coverage.heartbeat.c.151734bad550a8d8276063151e47938f.html#l1199
src/heartbeat.c,141,relayLicenseStateToString,/tmp/relay-coverage.heartbeat.c.151734bad550a8d8276063151e47938f.html#l141
src/heartbeat.c,295,relayMachineID,/tmp/relay-coverage.heartbeat.c.151734bad550a8d8276063151e47938f.html#l295
src/heartbeat.c,600,relayParseHeartbeatJson,/tmp/relay-coverage.heartbeat.c.151734bad550a8d8276063151e47938f.html#l600
src/heartbeat.c,647,relayParseHeartbeatReply,/tmp/relay-coverage.heartbeat.c.151734bad550a8d8276063151e47938f.html#l647
src/heartbeat.c,560,relayParseHttpCode,/tmp/relay-coverage.heartbeat.c.151734bad550a8d8276063151e47938f.html#l560
src/heartbeat.c,278,relayReadMachineID,/tmp/relay-coverage.heartbeat.c.151734bad550a8d8276063151e47938f.html#l278
src/heartbeat.c,157,relayStringToLicenseState,/tmp/relay-coverage.heartbeat.c.151734bad550a8d8276063151e47938f.html#l157
src/heartbeat.c,1244,rhnCreate,/tmp/relay-coverage.heartbeat.c.151734bad550a8d8276063151e47938f.html#l1244
src/heartbeat.c,1260,rhnFree,/tmp/relay-coverage.heartbeat.c.151734bad550a8d8276063151e47938f.html#l1260
src/heartbeat.c,1265,rhnMatches,/tmp/relay-coverage.heartbeat.c.151734bad550a8d8276063151e47938f.html#l1265
src/heartbeat.c,1298,rhnPutPos,/tmp/relay-coverage.heartbeat.c.151734bad550a8d8276063151e47938f.html#l1298
src/heartbeat.c,1293,rhsHashKey,/tmp/relay-coverage.heartbeat.c.151734bad550a8d8276063151e47938f.html#l1293
src/hyperloglog.c,388,hllCountRegisters,/tmp/relay-coverage.hyperloglog.c.462c5d32a60fc19ab66af79241a50c82.html#l388
src/hyperloglog.c,223,hllDenseAdd,/tmp/relay-coverage.hyperloglog.c.462c5d32a60fc19ab66af79241a50c82.html#l223
src/hyperloglog.c,230,hllDenseRegHisto,/tmp/relay-coverage.hyperloglog.c.462c5d32a60fc19ab66af79241a50c82.html#l230
src/hyperloglog.c,212,hllDenseSet,/tmp/relay-coverage.hyperloglog.c.462c5d32a60fc19ab66af79241a50c82.html#l212
src/hyperloglog.c,122,hllInitDense,/tmp/relay-coverage.hyperloglog.c.462c5d32a60fc19ab66af79241a50c82.html#l122
src/hyperloglog.c,117,hllMagicUnset,/tmp/relay-coverage.hyperloglog.c.462c5d32a60fc19ab66af79241a50c82.html#l117
src/hyperloglog.c,112,hllMagicValid,/tmp/relay-coverage.hyperloglog.c.462c5d32a60fc19ab66af79241a50c82.html#l112
src/hyperloglog.c,429,hllMergeDenseAvx2,/tmp/relay-coverage.hyperloglog.c.462c5d32a60fc19ab66af79241a50c82.html#l429
src/hyperloglog.c,417,hllMergeDenseStd,/tmp/relay-coverage.hyperloglog.c.462c5d32a60fc19ab66af79241a50c82.html#l417
src/hyperloglog.c,533,hllMergeSparse,/tmp/relay-coverage.hyperloglog.c.462c5d32a60fc19ab66af79241a50c82.html#l533
src/hyperloglog.c,161,hllMurmurHash64A,/tmp/relay-coverage.hyperloglog.c.462c5d32a60fc19ab66af79241a50c82.html#l161
src/hyperloglog.c,199,hllPatLen,/tmp/relay-coverage.hyperloglog.c.462c5d32a60fc19ab66af79241a50c82.html#l199
src/hyperloglog.c,331,hllRawRegHisto,/tmp/relay-coverage.hyperloglog.c.462c5d32a60fc19ab66af79241a50c82.html#l331
src/hyperloglog.c,146,hllReadCachedCardinality,/tmp/relay-coverage.hyperloglog.c.462c5d32a60fc19ab66af79241a50c82.html#l146
src/hyperloglog.c,352,hllSigma,/tmp/relay-coverage.hyperloglog.c.462c5d32a60fc19ab66af79241a50c82.html#l352
src/hyperloglog.c,282,hllSparseRegHisto,/tmp/relay-coverage.hyperloglog.c.462c5d32a60fc19ab66af79241a50c82.html#l282
src/hyperloglog.c,370,hllTau,/tmp/relay-coverage.hyperloglog.c.462c5d32a60fc19ab66af79241a50c82.html#l370
src/hyperloglog.c,130,hllValidateObject,/tmp/relay-coverage.hyperloglog.c.462c5d32a60fc19ab66af79241a50c82.html#l130
src/hyperloglog.c,634,relayHllAdd,/tmp/relay-coverage.hyperloglog.c.462c5d32a60fc19ab66af79241a50c82.html#l634
src/hyperloglog.c,659,relayHllAggregateCount,/tmp/relay-coverage.hyperloglog.c.462c5d32a60fc19ab66af79241a50c82.html#l659
src/hyperloglog.c,597,relayHllCount,/tmp/relay-coverage.hyperloglog.c.462c5d32a60fc19ab66af79241a50c82.html#l597
src/hyperloglog.c,615,relayHllMerge,/tmp/relay-coverage.hyperloglog.c.462c5d32a60fc19ab66af79241a50c82.html#l615
src/keylease.c,215,relayLeasesInvalidateEndpoint,/tmp/relay-coverage.keylease.c.d95b08b5d9c955c5bb0841e8d748395d.html#l215
src/keylease.c,108,relayLeasesRelease,/tmp/relay-coverage.keylease.c.d95b08b5d9c955c5bb0841e8d748395d.html#l108
src/keys.c,1150,relayArrayCopyReplyElements,/tmp/relay-coverage.keys.c.dff1c170fd74ff9dbfffe53450cfbee2.html#l1150
src/keys.c,1876,relayArrayDataLen,/tmp/relay-coverage.keys.c.dff1c170fd74ff9dbfffe53450cfbee2.html#l1876
src/keys.c,1416,relayArrayDup,/tmp/relay-coverage.keys.c.dff1c170fd74ff9dbfffe53450cfbee2.html#l1416
src/keys.c,1392,relayArrayFromReply,/tmp/relay-coverage.keys.c.dff1c170fd74ff9dbfffe53450cfbee2.html#l1392
src/keys.c,1439,relayArrayIteratorInit,/tmp/relay-coverage.keys.c.dff1c170fd74ff9dbfffe53450cfbee2.html#l1439
src/keys.c,277,relayArrayPayloadFree,/tmp/relay-coverage.keys.c.dff1c170fd74ff9dbfffe53450cfbee2.html#l277
src/keys.c,1501,relayGetNullCollectionKey,/tmp/relay-coverage.keys.c.dff1c170fd74ff9dbfffe53450cfbee2.html#l1501
src/keys.c,2022,relayHashMapToZval,/tmp/relay-coverage.keys.c.dff1c170fd74ff9dbfffe53450cfbee2.html#l2022
src/keys.c,2589,relayHashPartsToZVal,/tmp/relay-coverage.keys.c.dff1c170fd74ff9dbfffe53450cfbee2.html#l2589
src/keys.c,2486,relayIsKeyFull,/tmp/relay-coverage.keys.c.dff1c170fd74ff9dbfffe53450cfbee2.html#l2486
src/keys.c,2457,relayIsMapWhole,/tmp/relay-coverage.keys.c.dff1c170fd74ff9dbfffe53450cfbee2.html#l2457
src/keys.c,2507,relayKeySetLen,/tmp/relay-coverage.keys.c.dff1c170fd74ff9dbfffe53450cfbee2.html#l2507
src/keys.c,1703,relayListKeyClone,/tmp/relay-coverage.keys.c.dff1c170fd74ff9dbfffe53450cfbee2.html#l1703
src/keys.c,2529,relayListLen,/tmp/relay-coverage.keys.c.dff1c170fd74ff9dbfffe53450cfbee2.html#l2529
src/keys.c,1934,relayMapEntryKeyLen,/tmp/relay-coverage.keys.c.dff1c170fd74ff9dbfffe53450cfbee2.html#l1934
src/keys.c,1924,relayMapEntryKeyPtr,/tmp/relay-coverage.keys.c.dff1c170fd74ff9dbfffe53450cfbee2.html#l1924
src/keys.c,1955,relayMapEntryValue,/tmp/relay-coverage.keys.c.dff1c170fd74ff9dbfffe53450cfbee2.html#l1955
src/keys.c,1944,relayMapEntryValueType,/tmp/relay-coverage.keys.c.dff1c170fd74ff9dbfffe53450cfbee2.html#l1944
src/keys.c,2156,relayMapGetRandEntries,/tmp/relay-coverage.keys.c.dff1c170fd74ff9dbfffe53450cfbee2.html#l2156
src/keys.c,2134,relayMapGetRandEntry,/tmp/relay-coverage.keys.c.dff1c170fd74ff9dbfffe53450cfbee2.html#l2134
src/keys.c,2233,relayMapIteratorKeyLen,/tmp/relay-coverage.keys.c.dff1c170fd74ff9dbfffe53450cfbee2.html#l2233
src/keys.c,2226,relayMapIteratorKeyPtr,/tmp/relay-coverage.keys.c.dff1c170fd74ff9dbfffe53450cfbee2.html#l2226
src/keys.c,2119,relayMapKeyToZVal,/tmp/relay-coverage.keys.c.dff1c170fd74ff9dbfffe53450cfbee2.html#l2119
src/keys.c,1977,relayMapPartsToZVal,/tmp/relay-coverage.keys.c.dff1c170fd74ff9dbfffe53450cfbee2.html#l1977
src/keys.c,1900,relayMapPublicEntry,/tmp/relay-coverage.keys.c.dff1c170fd74ff9dbfffe53450cfbee2.html#l1900
src/keys.c,1891,relayMapPublicEntryHasStringValue,/tmp/relay-coverage.keys.c.dff1c170fd74ff9dbfffe53450cfbee2.html#l1891
src/keys.c,1887,relayMapPublicEntryIsSet,/tmp/relay-coverage.keys.c.dff1c170fd74ff9dbfffe53450cfbee2.html#l1887
src/keys.c,1895,relayMapPublicEntryPtr,/tmp/relay-coverage.keys.c.dff1c170fd74ff9dbfffe53450cfbee2.html#l1895
src/keys.c,1915,relayMapPublicHashEntry,/tmp/relay-coverage.keys.c.dff1c170fd74ff9dbfffe53450cfbee2.html#l1915
src/keys.c,1920,relayMapPublicSetEntry,/tmp/relay-coverage.keys.c.dff1c170fd74ff9dbfffe53450cfbee2.html#l1920
src/keys.c,1543,relayNullCollectionCast,/tmp/relay-coverage.keys.c.dff1c170fd74ff9dbfffe53450cfbee2.html#l1543
src/keys.c,1742,relayPodKeyClone,/tmp/relay-coverage.keys.c.dff1c170fd74ff9dbfffe53450cfbee2.html#l1742
src/keys.c,1487,relaySetAdd,/tmp/relay-coverage.keys.c.dff1c170fd74ff9dbfffe53450cfbee2.html#l1487
src/keys.c,2066,relaySetMapToZval,/tmp/relay-coverage.keys.c.dff1c170fd74ff9dbfffe53450cfbee2.html#l2066
src/keys.c,2607,relaySetPartsToZVal,/tmp/relay-coverage.keys.c.dff1c170fd74ff9dbfffe53450cfbee2.html#l2607
src/keys.c,1693,relayStringKeyClone,/tmp/relay-coverage.keys.c.dff1c170fd74ff9dbfffe53450cfbee2.html#l1693
src/keys.h,320,relayArrayGet,/tmp/relay-coverage.keys.h.0e6a6722715d051ae735a0fa372a96a9.html#l320
src/keys.h,336,relayArrayIteratorNext,/tmp/relay-coverage.keys.h.0e6a6722715d051ae735a0fa372a96a9.html#l336
src/keys.h,269,relayKeyArray,/tmp/relay-coverage.keys.h.0e6a6722715d051ae735a0fa372a96a9.html#l269
src/keys.h,274,relayKeyArrayConst,/tmp/relay-coverage.keys.h.0e6a6722715d051ae735a0fa372a96a9.html#l274
src/keys.h,259,relayKeyInteger,/tmp/relay-coverage.keys.h.0e6a6722715d051ae735a0fa372a96a9.html#l259
src/keys.h,264,relayKeyIntegerConst,/tmp/relay-coverage.keys.h.0e6a6722715d051ae735a0fa372a96a9.html#l264
src/keys.h,286,relayKeyMap,/tmp/relay-coverage.keys.h.0e6a6722715d051ae735a0fa372a96a9.html#l286
src/keys.h,302,relayKeyZSetConst,/tmp/relay-coverage.keys.h.0e6a6722715d051ae735a0fa372a96a9.html#l302
src/lock.c,15,logMutexError,/tmp/relay-coverage.lock.c.c80b9b761a8d309673505369199f569c.html#l15
src/lock.c,102,mutexLockPanic,/tmp/relay-coverage.lock.c.c80b9b761a8d309673505369199f569c.html#l102
src/lock.c,149,mutexTryLock,/tmp/relay-coverage.lock.c.c80b9b761a8d309673505369199f569c.html#l149
src/lock.c,90,relayLockRelease,/tmp/relay-coverage.lock.c.c80b9b761a8d309673505369199f569c.html#l90
src/lock.c,167,relayLockTryLock,/tmp/relay-coverage.lock.c.c80b9b761a8d309673505369199f569c.html#l167
src/lock.c,223,relayLockTypeToString,/tmp/relay-coverage.lock.c.c80b9b761a8d309673505369199f569c.html#l223
src/lock.c,163,spinlockTryLock,/tmp/relay-coverage.lock.c.c80b9b761a8d309673505369199f569c.html#l163
src/log.c,549,relayBacktraceHash,/tmp/relay-coverage.log.c.1ea4ab8e36c3833facd6b9991b2de710.html#l549
src/log.c,196,relayDoubleToString,/tmp/relay-coverage.log.c.1ea4ab8e36c3833facd6b9991b2de710.html#l196
src/log.c,601,relayFindOrAddBacktraceHash,/tmp/relay-coverage.log.c.1ea4ab8e36c3833facd6b9991b2de710.html#l601
src/log.c,518,relayLogBacktrace,/tmp/relay-coverage.log.c.1ea4ab8e36c3833facd6b9991b2de710.html#l518
src/log.c,460,relayLogBacktraceEx,/tmp/relay-coverage.log.c.1ea4ab8e36c3833facd6b9991b2de710.html#l460
src/log.c,85,relayLogEx,/tmp/relay-coverage.log.c.1ea4ab8e36c3833facd6b9991b2de710.html#l85
src/log.c,41,relayLogLevelToIdent,/tmp/relay-coverage.log.c.1ea4ab8e36c3833facd6b9991b2de710.html#l41
src/log.c,24,relayLogLevelToString,/tmp/relay-coverage.log.c.1ea4ab8e36c3833facd6b9991b2de710.html#l24
src/log.c,416,relayLogPanic,/tmp/relay-coverage.log.c.1ea4ab8e36c3833facd6b9991b2de710.html#l416
src/log.c,638,relayLogRegisters,/tmp/relay-coverage.log.c.1ea4ab8e36c3833facd6b9991b2de710.html#l638
src/log.c,132,relaySafeBufferCatChar,/tmp/relay-coverage.log.c.1ea4ab8e36c3833facd6b9991b2de710.html#l132
src/log.c,230,relaySafeBufferCatDbl,/tmp/relay-coverage.log.c.1ea4ab8e36c3833facd6b9991b2de710.html#l230
src/log.c,222,relaySafeBufferCatHex,/tmp/relay-coverage.log.c.1ea4ab8e36c3833facd6b9991b2de710.html#l222
src/log.c,136,relaySafeBufferCatI64,/tmp/relay-coverage.log.c.1ea4ab8e36c3833facd6b9991b2de710.html#l136
src/log.c,117,relaySafeBufferCatLen,/tmp/relay-coverage.log.c.1ea4ab8e36c3833facd6b9991b2de710.html#l117
src/log.c,158,relaySafeBufferCatStr,/tmp/relay-coverage.log.c.1ea4ab8e36c3833facd6b9991b2de710.html#l158
src/log.c,144,relaySafeBufferCatU64,/tmp/relay-coverage.log.c.1ea4ab8e36c3833facd6b9991b2de710.html#l144
src/log.c,348,relaySafe_snprintf,/tmp/relay-coverage.log.c.1ea4ab8e36c3833facd6b9991b2de710.html#l348
src/log.c,249,relaySafe_vsnprintf,/tmp/relay-coverage.log.c.1ea4ab8e36c3833facd6b9991b2de710.html#l249
src/log.c,380,relaySignalLogEx,/tmp/relay-coverage.log.c.1ea4ab8e36c3833facd6b9991b2de710.html#l380
src/log.c,363,relaySignalLogRaw,/tmp/relay-coverage.log.c.1ea4ab8e36c3833facd6b9991b2de710.html#l363
src/log.h,82,relayStrError,/tmp/relay-coverage.log.h.91d04f90c2f8ea6e6ac737adac8df860.html#l82
src/pack.c,361,relayMsgpackAvailable,/tmp/relay-coverage.pack.c.18157d9a2b5ee3f61ffd6c949d26b55c.html#l361
src/pack.c,381,relayMsgpackSerialize,/tmp/relay-coverage.pack.c.18157d9a2b5ee3f61ffd6c949d26b55c.html#l381
src/pack.c,389,relayMsgpackUnserialize,/tmp/relay-coverage.pack.c.18157d9a2b5ee3f61ffd6c949d26b55c.html#l389
src/panic.c,46,relayPanicImpl,/tmp/relay-coverage.panic.c.d7fe498e8f8274bc5ad85431fea962ad.html#l46
src/panic.c,39,relayPanicSiteAt,/tmp/relay-coverage.panic.c.d7fe498e8f8274bc5ad85431fea962ad.html#l39
src/panic.c,32,relayPanicSiteCount,/tmp/relay-coverage.panic.c.d7fe498e8f8274bc5ad85431fea962ad.html#l32
src/php_relay.h,319,relayAddAssocLongZStr,/tmp/relay-coverage.php_relay.h.fe0ed8346b053960e79ed667db60451d.html#l319
src/php_relay.h,337,relayAddAssocNullZStr,/tmp/relay-coverage.php_relay.h.fe0ed8346b053960e79ed667db60451d.html#l337
src/php_relay.h,346,relayAddAssocStringlZStr,/tmp/relay-coverage.php_relay.h.fe0ed8346b053960e79ed667db60451d.html#l346
src/php_relay.h,817,relayIsPushReply,/tmp/relay-coverage.php_relay.h.fe0ed8346b053960e79ed667db60451d.html#l817
src/php_relay.h,868,relaySensitiveStringRelease,/tmp/relay-coverage.php_relay.h.fe0ed8346b053960e79ed667db60451d.html#l868
src/rbtree.c,419,relayTreeInitIterator,/tmp/relay-coverage.rbtree.c.ebfd0b4c6b942b4452c3cb370fe50daa.html#l419
src/rbtree.c,426,relayTreeNext,/tmp/relay-coverage.rbtree.c.ebfd0b4c6b942b4452c3cb370fe50daa.html#l426
src/reader.c,65,relayReaderAttach,/tmp/relay-coverage.reader.c.da5e6a627590a190eccc1e63cb94a55e.html#l65
src/reader.c,77,relayReaderDetach,/tmp/relay-coverage.reader.c.da5e6a627590a190eccc1e63cb94a55e.html#l77
src/reader.c,143,relayReaderFeed,/tmp/relay-coverage.reader.c.da5e6a627590a190eccc1e63cb94a55e.html#l143
src/reader.c,203,relayReaderFindNewline,/tmp/relay-coverage.reader.c.da5e6a627590a190eccc1e63cb94a55e.html#l203
src/reader.c,317,relayReaderGetReply,/tmp/relay-coverage.reader.c.da5e6a627590a190eccc1e63cb94a55e.html#l317
src/reader.c,381,relayReaderNext,/tmp/relay-coverage.reader.c.da5e6a627590a190eccc1e63cb94a55e.html#l381
src/reader.c,88,relayReaderPos,/tmp/relay-coverage.reader.c.da5e6a627590a190eccc1e63cb94a55e.html#l88
src/reader.c,93,relayReaderPtr,/tmp/relay-coverage.reader.c.da5e6a627590a190eccc1e63cb94a55e.html#l93
src/reader.c,175,relayReaderRead,/tmp/relay-coverage.reader.c.da5e6a627590a190eccc1e63cb94a55e.html#l175
src/reader.c,262,relayReaderReadBulk,/tmp/relay-coverage.reader.c.da5e6a627590a190eccc1e63cb94a55e.html#l262
src/reader.c,284,relayReaderReadHeader,/tmp/relay-coverage.reader.c.da5e6a627590a190eccc1e63cb94a55e.html#l284
src/reader.c,222,relayReaderReadLineItem,/tmp/relay-coverage.reader.c.da5e6a627590a190eccc1e63cb94a55e.html#l222
src/reader.c,159,relayReaderRecv,/tmp/relay-coverage.reader.c.da5e6a627590a190eccc1e63cb94a55e.html#l159
src/reader.c,108,relayReaderRemaining,/tmp/relay-coverage.reader.c.da5e6a627590a190eccc1e63cb94a55e.html#l108
src/reader.c,54,relayReaderReset,/tmp/relay-coverage.reader.c.da5e6a627590a190eccc1e63cb94a55e.html#l54
src/reader.c,120,relayReaderSeekLen,/tmp/relay-coverage.reader.c.da5e6a627590a190eccc1e63cb94a55e.html#l120
src/reader.c,113,relayReaderSeekTo,/tmp/relay-coverage.reader.c.da5e6a627590a190eccc1e63cb94a55e.html#l113
src/reader.c,126,relayReaderSetError,/tmp/relay-coverage.reader.c.da5e6a627590a190eccc1e63cb94a55e.html#l126
src/reader.c,298,relayReaderShift,/tmp/relay-coverage.reader.c.da5e6a627590a190eccc1e63cb94a55e.html#l298
src/reader.c,103,relayReaderTail,/tmp/relay-coverage.reader.c.da5e6a627590a190eccc1e63cb94a55e.html#l103
src/reader.c,98,relayReaderWPtr,/tmp/relay-coverage.reader.c.da5e6a627590a190eccc1e63cb94a55e.html#l98
src/relay.c,3695,crashHandler,/tmp/relay-coverage.relay.c.eac39cbe72aad25ebe57f6e92e1f052c.html#l3695
src/relay.c,4068,flagPLinksDirty,/tmp/relay-coverage.relay.c.eac39cbe72aad25ebe57f6e92e1f052c.html#l4068
src/relay.c,2650,isReadOnlyProperty,/tmp/relay-coverage.relay.c.eac39cbe72aad25ebe57f6e92e1f052c.html#l2650
src/relay.c,3616,logRuntimeStats,/tmp/relay-coverage.relay.c.eac39cbe72aad25ebe57f6e92e1f052c.html#l3616
src/relay.c,3818,plinkIsReadable,/tmp/relay-coverage.relay.c.eac39cbe72aad25ebe57f6e92e1f052c.html#l3818
src/relay.c,1334,relayAggBaseTime,/tmp/relay-coverage.relay.c.eac39cbe72aad25ebe57f6e92e1f052c.html#l1334
src/relay.c,1662,relayAppendCompressor,/tmp/relay-coverage.relay.c.eac39cbe72aad25ebe57f6e92e1f052c.html#l1662
src/relay.c,590,relayAssertionFailedImpl,/tmp/relay-coverage.relay.c.eac39cbe72aad25ebe57f6e92e1f052c.html#l590
src/relay.c,905,relayCfgAdaptiveCacheMinEvents,/tmp/relay-coverage.relay.c.eac39cbe72aad25ebe57f6e92e1f052c.html#l905
src/relay.c,895,relayCfgAdaptiveCacheMinRatio,/tmp/relay-coverage.relay.c.eac39cbe72aad25ebe57f6e92e1f052c.html#l895
src/relay.c,5609,relayConnectOptionsFromHT,/tmp/relay-coverage.relay.c.eac39cbe72aad25ebe57f6e92e1f052c.html#l5609
src/relay.c,4442,relayContextReadBegin,/tmp/relay-coverage.relay.c.eac39cbe72aad25ebe57f6e92e1f052c.html#l4442
src/relay.c,4462,relayContextReadEnd,/tmp/relay-coverage.relay.c.eac39cbe72aad25ebe57f6e92e1f052c.html#l4462
src/relay.c,6187,relayCreateException,/tmp/relay-coverage.relay.c.eac39cbe72aad25ebe57f6e92e1f052c.html#l6187
src/relay.c,7541,relayDefaultCmsOptions,/tmp/relay-coverage.relay.c.eac39cbe72aad25ebe57f6e92e1f052c.html#l7541
src/relay.c,7183,relayDelMatchPattern,/tmp/relay-coverage.relay.c.eac39cbe72aad25ebe57f6e92e1f052c.html#l7183
src/relay.c,2619,relayFcallContextDtor,/tmp/relay-coverage.relay.c.eac39cbe72aad25ebe57f6e92e1f052c.html#l2619
src/relay.c,3691,relayForwardSignal,/tmp/relay-coverage.relay.c.eac39cbe72aad25ebe57f6e92e1f052c.html#l3691
src/relay.c,2788,relayGeneratorGetConstructor,/tmp/relay-coverage.relay.c.eac39cbe72aad25ebe57f6e92e1f052c.html#l2788
src/relay.c,7112,relayGetAdaptiveCacheOptions,/tmp/relay-coverage.relay.c.eac39cbe72aad25ebe57f6e92e1f052c.html#l7112
src/relay.c,1318,relayGetAggBaseTime,/tmp/relay-coverage.relay.c.eac39cbe72aad25ebe57f6e92e1f052c.html#l1318
src/relay.c,1329,relayGetAggEntry,/tmp/relay-coverage.relay.c.eac39cbe72aad25ebe57f6e92e1f052c.html#l1329
src/relay.c,5568,relayGetAuthInfoZVal,/tmp/relay-coverage.relay.c.eac39cbe72aad25ebe57f6e92e1f052c.html#l5568
src/relay.c,1683,relayGetCompressors,/tmp/relay-coverage.relay.c.eac39cbe72aad25ebe57f6e92e1f052c.html#l1683
src/relay.c,2018,relayGetLicenseKey,/tmp/relay-coverage.relay.c.eac39cbe72aad25ebe57f6e92e1f052c.html#l2018
src/relay.c,1458,relayGetPass,/tmp/relay-coverage.relay.c.eac39cbe72aad25ebe57f6e92e1f052c.html#l1458
src/relay.c,1633,relayGetSerializers,/tmp/relay-coverage.relay.c.eac39cbe72aad25ebe57f6e92e1f052c.html#l1633
src/relay.c,5553,relayHashFindStrOrIndex,/tmp/relay-coverage.relay.c.eac39cbe72aad25ebe57f6e92e1f052c.html#l5553
src/relay.c,1700,relayInfoPrintFmt,/tmp/relay-coverage.relay.c.eac39cbe72aad25ebe57f6e92e1f052c.html#l1700
src/relay.c,5316,relayInitTlsCfg,/tmp/relay-coverage.relay.c.eac39cbe72aad25ebe57f6e92e1f052c.html#l5316
src/relay.c,6445,relayLastFlushMemory,/tmp/relay-coverage.relay.c.eac39cbe72aad25ebe57f6e92e1f052c.html#l6445
src/relay.c,6526,relayLastFlushMemoryMethod,/tmp/relay-coverage.relay.c.eac39cbe72aad25ebe57f6e92e1f052c.html#l6526
src/relay.c,6605,relayLicenseInfoToZVal,/tmp/relay-coverage.relay.c.eac39cbe72aad25ebe57f6e92e1f052c.html#l6605
src/relay.c,1279,relayLoadLicenseInfo,/tmp/relay-coverage.relay.c.eac39cbe72aad25ebe57f6e92e1f052c.html#l1279
src/relay.c,4584,relayLogHeartbeatResponse,/tmp/relay-coverage.relay.c.eac39cbe72aad25ebe57f6e92e1f052c.html#l4584
src/relay.c,4807,relayLogMemLine,/tmp/relay-coverage.relay.c.eac39cbe72aad25ebe57f6e92e1f052c.html#l4807
src/relay.c,4934,relayLogResourceWarning,/tmp/relay-coverage.relay.c.eac39cbe72aad25ebe57f6e92e1f052c.html#l4934
src/relay.c,4812,relayLogSignalLine,/tmp/relay-coverage.relay.c.eac39cbe72aad25ebe57f6e92e1f052c.html#l4812
src/relay.c,2956,relayMemoryLimit,/tmp/relay-coverage.relay.c.eac39cbe72aad25ebe57f6e92e1f052c.html#l2956
src/relay.c,685,relayMsTimeMono,/tmp/relay-coverage.relay.c.eac39cbe72aad25ebe57f6e92e1f052c.html#l685
src/relay.c,689,relayNextHeartbeatID,/tmp/relay-coverage.relay.c.eac39cbe72aad25ebe57f6e92e1f052c.html#l689
src/relay.c,4557,relayNotifyMemoryAdjustment,/tmp/relay-coverage.relay.c.eac39cbe72aad25ebe57f6e92e1f052c.html#l4557
src/relay.c,2555,relayObjectClone,/tmp/relay-coverage.relay.c.eac39cbe72aad25ebe57f6e92e1f052c.html#l2555
src/relay.c,2528,relayObjectCloneZObj,/tmp/relay-coverage.relay.c.eac39cbe72aad25ebe57f6e92e1f052c.html#l2528
src/relay.c,3684,relayOnSignalThread,/tmp/relay-coverage.relay.c.eac39cbe72aad25ebe57f6e92e1f052c.html#l3684
src/relay.c,1123,relayOpenLogFile,/tmp/relay-coverage.relay.c.eac39cbe72aad25ebe57f6e92e1f052c.html#l1123
src/relay.c,7644,relayOptionsCopy,/tmp/relay-coverage.relay.c.eac39cbe72aad25ebe57f6e92e1f052c.html#l7644
src/relay.c,3841,relayPLinkInvalidateLease,/tmp/relay-coverage.relay.c.eac39cbe72aad25ebe57f6e92e1f052c.html#l3841
src/relay.c,3940,relayPLinkSetBlocking,/tmp/relay-coverage.relay.c.eac39cbe72aad25ebe57f6e92e1f052c.html#l3940
src/relay.c,965,relayPrefaultModeToString,/tmp/relay-coverage.relay.c.eac39cbe72aad25ebe57f6e92e1f052c.html#l965
src/relay.c,3575,relayReaderCurryError,/tmp/relay-coverage.relay.c.eac39cbe72aad25ebe57f6e92e1f052c.html#l3575
src/relay.c,3589,relayReaderInvalidationsPoll,/tmp/relay-coverage.relay.c.eac39cbe72aad25ebe57f6e92e1f052c.html#l3589
src/relay.c,3732,relayReleaseTerminatedResources,/tmp/relay-coverage.relay.c.eac39cbe72aad25ebe57f6e92e1f052c.html#l3732
src/relay.c,6069,relayRemoveListenerZObj,/tmp/relay-coverage.relay.c.eac39cbe72aad25ebe57f6e92e1f052c.html#l6069
src/relay.c,6073,relayRemoveListenerZVal,/tmp/relay-coverage.relay.c.eac39cbe72aad25ebe57f6e92e1f052c.html#l6073
src/relay.c,576,relaySegfault,/tmp/relay-coverage.relay.c.eac39cbe72aad25ebe57f6e92e1f052c.html#l576
src/relay.c,7552,relaySetAdaptiveCacheOptions,/tmp/relay-coverage.relay.c.eac39cbe72aad25ebe57f6e92e1f052c.html#l7552
src/relay.c,5562,relaySetAuthArg,/tmp/relay-coverage.relay.c.eac39cbe72aad25ebe57f6e92e1f052c.html#l5562
src/relay.c,7312,relaySetBackoffAlgo,/tmp/relay-coverage.relay.c.eac39cbe72aad25ebe57f6e92e1f052c.html#l7312
src/relay.c,7322,relaySetBackoffArg,/tmp/relay-coverage.relay.c.eac39cbe72aad25ebe57f6e92e1f052c.html#l7322
src/relay.c,4436,relaySetRedisErrorFromErrno,/tmp/relay-coverage.relay.c.eac39cbe72aad25ebe57f6e92e1f052c.html#l4436
src/relay.c,301,relaySharedCmsStackPtr,/tmp/relay-coverage.relay.c.eac39cbe72aad25ebe57f6e92e1f052c.html#l301
src/relay.c,1435,relayShiftAggStats,/tmp/relay-coverage.relay.c.eac39cbe72aad25ebe57f6e92e1f052c.html#l1435
src/relay.c,1293,relayStoreLicenseInfo,/tmp/relay-coverage.relay.c.eac39cbe72aad25ebe57f6e92e1f052c.html#l1293
src/relay.c,602,relayTimeMono,/tmp/relay-coverage.relay.c.eac39cbe72aad25ebe57f6e92e1f052c.html#l602
src/relay.c,5285,relayTlsCfgSetKeyAndCert,/tmp/relay-coverage.relay.c.eac39cbe72aad25ebe57f6e92e1f052c.html#l5285
src/relay.c,4153,relayUninstallLinkIOHandler,/tmp/relay-coverage.relay.c.eac39cbe72aad25ebe57f6e92e1f052c.html#l4153
src/relay.c,597,relayUnreachableImpl,/tmp/relay-coverage.relay.c.eac39cbe72aad25ebe57f6e92e1f052c.html#l597
src/relay.c,743,relay_mm_free,/tmp/relay-coverage.relay.c.eac39cbe72aad25ebe57f6e92e1f052c.html#l743
src/relay.c,727,relay_mm_malloc,/tmp/relay-coverage.relay.c.eac39cbe72aad25ebe57f6e92e1f052c.html#l727
src/relay.c,732,relay_mm_realloc,/tmp/relay-coverage.relay.c.eac39cbe72aad25ebe57f6e92e1f052c.html#l732
src/relay.c,6155,relay_update_property_double,/tmp/relay-coverage.relay.c.eac39cbe72aad25ebe57f6e92e1f052c.html#l6155
src/relay.c,6145,relay_update_property_long,/tmp/relay-coverage.relay.c.eac39cbe72aad25ebe57f6e92e1f052c.html#l6145
src/relay.c,2427,setAdaptiveCacheOptions,/tmp/relay-coverage.relay.c.eac39cbe72aad25ebe57f6e92e1f052c.html#l2427
src/relay.c,3851,sigioHandler,/tmp/relay-coverage.relay.c.eac39cbe72aad25ebe57f6e92e1f052c.html#l3851
src/relay.c,3769,sigtermHandler,/tmp/relay-coverage.relay.c.eac39cbe72aad25ebe57f6e92e1f052c.html#l3769
src/relay.c,8110,zim_Relay_Relay___destruct,/tmp/relay-coverage.relay.c.eac39cbe72aad25ebe57f6e92e1f052c.html#l8110
src/relay.c,8725,zim_Relay_Relay_acl,/tmp/relay-coverage.relay.c.eac39cbe72aad25ebe57f6e92e1f052c.html#l8725
src/relay.c,5979,zim_Relay_Relay_auth,/tmp/relay-coverage.relay.c.eac39cbe72aad25ebe57f6e92e1f052c.html#l5979
src/relay.c,8727,zim_Relay_Relay_bgrewriteaof,/tmp/relay-coverage.relay.c.eac39cbe72aad25ebe57f6e92e1f052c.html#l8727
src/relay.c,8728,zim_Relay_Relay_bgsave,/tmp/relay-coverage.relay.c.eac39cbe72aad25ebe57f6e92e1f052c.html#l8728
src/relay.c,8733,zim_Relay_Relay_blmove,/tmp/relay-coverage.relay.c.eac39cbe72aad25ebe57f6e92e1f052c.html#l8733
src/relay.c,8734,zim_Relay_Relay_blmovem,/tmp/relay-coverage.relay.c.eac39cbe72aad25ebe57f6e92e1f052c.html#l8734
src/relay.c,8735,zim_Relay_Relay_blmpop,/tmp/relay-coverage.relay.c.eac39cbe72aad25ebe57f6e92e1f052c.html#l8735
src/relay.c,8736,zim_Relay_Relay_blpop,/tmp/relay-coverage.relay.c.eac39cbe72aad25ebe57f6e92e1f052c.html#l8736
src/relay.c,8737,zim_Relay_Relay_brpop,/tmp/relay-coverage.relay.c.eac39cbe72aad25ebe57f6e92e1f052c.html#l8737
src/relay.c,8738,zim_Relay_Relay_brpoplpush,/tmp/relay-coverage.relay.c.eac39cbe72aad25ebe57f6e92e1f052c.html#l8738
src/relay.c,8739,zim_Relay_Relay_bzmpop,/tmp/relay-coverage.relay.c.eac39cbe72aad25ebe57f6e92e1f052c.html#l8739
src/relay.c,8740,zim_Relay_Relay_bzpopmax,/tmp/relay-coverage.relay.c.eac39cbe72aad25ebe57f6e92e1f052c.html#l8740
src/relay.c,8741,zim_Relay_Relay_bzpopmin,/tmp/relay-coverage.relay.c.eac39cbe72aad25ebe57f6e92e1f052c.html#l8741
src/relay.c,8595,zim_Relay_Relay_clearBytes,/tmp/relay-coverage.relay.c.eac39cbe72aad25ebe57f6e92e1f052c.html#l8595
src/relay.c,8742,zim_Relay_Relay_client,/tmp/relay-coverage.relay.c.eac39cbe72aad25ebe57f6e92e1f052c.html#l8742
src/relay.c,8747,zim_Relay_Relay_cmsIncrBy,/tmp/relay-coverage.relay.c.eac39cbe72aad25ebe57f6e92e1f052c.html#l8747
src/relay.c,8748,zim_Relay_Relay_cmsInfo,/tmp/relay-coverage.relay.c.eac39cbe72aad25ebe57f6e92e1f052c.html#l8748
src/relay.c,8749,zim_Relay_Relay_cmsInitByDim,/tmp/relay-coverage.relay.c.eac39cbe72aad25ebe57f6e92e1f052c.html#l8749
src/relay.c,8750,zim_Relay_Relay_cmsInitByProb,/tmp/relay-coverage.relay.c.eac39cbe72aad25ebe57f6e92e1f052c.html#l8750
src/relay.c,8751,zim_Relay_Relay_cmsMerge,/tmp/relay-coverage.relay.c.eac39cbe72aad25ebe57f6e92e1f052c.html#l8751
src/relay.c,8752,zim_Relay_Relay_cmsQuery,/tmp/relay-coverage.relay.c.eac39cbe72aad25ebe57f6e92e1f052c.html#l8752
src/relay.c,8743,zim_Relay_Relay_command,/tmp/relay-coverage.relay.c.eac39cbe72aad25ebe57f6e92e1f052c.html#l8743
src/relay.c,8744,zim_Relay_Relay_commandlog,/tmp/relay-coverage.relay.c.eac39cbe72aad25ebe57f6e92e1f052c.html#l8744
src/relay.c,8758,zim_Relay_Relay_delifeq,/tmp/relay-coverage.relay.c.eac39cbe72aad25ebe57f6e92e1f052c.html#l8758
src/relay.c,8786,zim_Relay_Relay_ftAggregate,/tmp/relay-coverage.relay.c.eac39cbe72aad25ebe57f6e92e1f052c.html#l8786
src/relay.c,8787,zim_Relay_Relay_ftAliasAdd,/tmp/relay-coverage.relay.c.eac39cbe72aad25ebe57f6e92e1f052c.html#l8787
src/relay.c,8788,zim_Relay_Relay_ftAliasDel,/tmp/relay-coverage.relay.c.eac39cbe72aad25ebe57f6e92e1f052c.html#l8788
src/relay.c,8789,zim_Relay_Relay_ftAliasUpdate,/tmp/relay-coverage.relay.c.eac39cbe72aad25ebe57f6e92e1f052c.html#l8789
src/relay.c,8790,zim_Relay_Relay_ftAlter,/tmp/relay-coverage.relay.c.eac39cbe72aad25ebe57f6e92e1f052c.html#l8790
src/relay.c,8792,zim_Relay_Relay_ftConfig,/tmp/relay-coverage.relay.c.eac39cbe72aad25ebe57f6e92e1f052c.html#l8792
src/relay.c,8791,zim_Relay_Relay_ftCreate,/tmp/relay-coverage.relay.c.eac39cbe72aad25ebe57f6e92e1f052c.html#l8791
src/relay.c,8793,zim_Relay_Relay_ftCursor,/tmp/relay-coverage.relay.c.eac39cbe72aad25ebe57f6e92e1f052c.html#l8793
src/relay.c,8794,zim_Relay_Relay_ftDictAdd,/tmp/relay-coverage.relay.c.eac39cbe72aad25ebe57f6e92e1f052c.html#l8794
src/relay.c,8795,zim_Relay_Relay_ftDictDel,/tmp/relay-coverage.relay.c.eac39cbe72aad25ebe57f6e92e1f052c.html#l8795
src/relay.c,8796,zim_Relay_Relay_ftDictDump,/tmp/relay-coverage.relay.c.eac39cbe72aad25ebe57f6e92e1f052c.html#l8796
src/relay.c,8797,zim_Relay_Relay_ftDropIndex,/tmp/relay-coverage.relay.c.eac39cbe72aad25ebe57f6e92e1f052c.html#l8797
src/relay.c,8798,zim_Relay_Relay_ftExplain,/tmp/relay-coverage.relay.c.eac39cbe72aad25ebe57f6e92e1f052c.html#l8798
src/relay.c,8799,zim_Relay_Relay_ftExplainCli,/tmp/relay-coverage.relay.c.eac39cbe72aad25ebe57f6e92e1f052c.html#l8799
src/relay.c,8800,zim_Relay_Relay_ftInfo,/tmp/relay-coverage.relay.c.eac39cbe72aad25ebe57f6e92e1f052c.html#l8800
src/relay.c,8801,zim_Relay_Relay_ftProfile,/tmp/relay-coverage.relay.c.eac39cbe72aad25ebe57f6e92e1f052c.html#l8801
src/relay.c,8802,zim_Relay_Relay_ftSearch,/tmp/relay-coverage.relay.c.eac39cbe72aad25ebe57f6e92e1f052c.html#l8802
src/relay.c,8803,zim_Relay_Relay_ftSpellCheck,/tmp/relay-coverage.relay.c.eac39cbe72aad25ebe57f6e92e1f052c.html#l8803
src/relay.c,8804,zim_Relay_Relay_ftSynDump,/tmp/relay-coverage.relay.c.eac39cbe72aad25ebe57f6e92e1f052c.html#l8804
src/relay.c,8805,zim_Relay_Relay_ftSynUpdate,/tmp/relay-coverage.relay.c.eac39cbe72aad25ebe57f6e92e1f052c.html#l8805
src/relay.c,8806,zim_Relay_Relay_ftTagVals,/tmp/relay-coverage.relay.c.eac39cbe72aad25ebe57f6e92e1f052c.html#l8806
src/relay.c,8807,zim_Relay_Relay_gcra,/tmp/relay-coverage.relay.c.eac39cbe72aad25ebe57f6e92e1f052c.html#l8807
src/relay.c,8829,zim_Relay_Relay_hotkeys,/tmp/relay-coverage.relay.c.eac39cbe72aad25ebe57f6e92e1f052c.html#l8829
src/relay.c,6751,zim_Relay_Relay_isTracked,/tmp/relay-coverage.relay.c.eac39cbe72aad25ebe57f6e92e1f052c.html#l6751
src/relay.c,8846,zim_Relay_Relay_jsonArrAppend,/tmp/relay-coverage.relay.c.eac39cbe72aad25ebe57f6e92e1f052c.html#l8846
src/relay.c,8847,zim_Relay_Relay_jsonArrIndex,/tmp/relay-coverage.relay.c.eac39cbe72aad25ebe57f6e92e1f052c.html#l8847
src/relay.c,8848,zim_Relay_Relay_jsonArrInsert,/tmp/relay-coverage.relay.c.eac39cbe72aad25ebe57f6e92e1f052c.html#l8848
src/relay.c,8849,zim_Relay_Relay_jsonArrLen,/tmp/relay-coverage.relay.c.eac39cbe72aad25ebe57f6e92e1f052c.html#l8849
src/relay.c,8850,zim_Relay_Relay_jsonArrPop,/tmp/relay-coverage.relay.c.eac39cbe72aad25ebe57f6e92e1f052c.html#l8850
src/relay.c,8851,zim_Relay_Relay_jsonArrTrim,/tmp/relay-coverage.relay.c.eac39cbe72aad25ebe57f6e92e1f052c.html#l8851
src/relay.c,8852,zim_Relay_Relay_jsonClear,/tmp/relay-coverage.relay.c.eac39cbe72aad25ebe57f6e92e1f052c.html#l8852
src/relay.c,8853,zim_Relay_Relay_jsonDebug,/tmp/relay-coverage.relay.c.eac39cbe72aad25ebe57f6e92e1f052c.html#l8853
src/relay.c,8854,zim_Relay_Relay_jsonDel,/tmp/relay-coverage.relay.c.eac39cbe72aad25ebe57f6e92e1f052c.html#l8854
src/relay.c,8855,zim_Relay_Relay_jsonForget,/tmp/relay-coverage.relay.c.eac39cbe72aad25ebe57f6e92e1f052c.html#l8855
src/relay.c,8856,zim_Relay_Relay_jsonGet,/tmp/relay-coverage.relay.c.eac39cbe72aad25ebe57f6e92e1f052c.html#l8856
src/relay.c,8857,zim_Relay_Relay_jsonMerge,/tmp/relay-coverage.relay.c.eac39cbe72aad25ebe57f6e92e1f052c.html#l8857
src/relay.c,8858,zim_Relay_Relay_jsonMget,/tmp/relay-coverage.relay.c.eac39cbe72aad25ebe57f6e92e1f052c.html#l8858
src/relay.c,8859,zim_Relay_Relay_jsonMset,/tmp/relay-coverage.relay.c.eac39cbe72aad25ebe57f6e92e1f052c.html#l8859
src/relay.c,8860,zim_Relay_Relay_jsonNumIncrBy,/tmp/relay-coverage.relay.c.eac39cbe72aad25ebe57f6e92e1f052c.html#l8860
src/relay.c,8861,zim_Relay_Relay_jsonNumMultBy,/tmp/relay-coverage.relay.c.eac39cbe72aad25ebe57f6e92e1f052c.html#l8861
src/relay.c,8862,zim_Relay_Relay_jsonObjKeys,/tmp/relay-coverage.relay.c.eac39cbe72aad25ebe57f6e92e1f052c.html#l8862
src/relay.c,8863,zim_Relay_Relay_jsonObjLen,/tmp/relay-coverage.relay.c.eac39cbe72aad25ebe57f6e92e1f052c.html#l8863
src/relay.c,8864,zim_Relay_Relay_jsonResp,/tmp/relay-coverage.relay.c.eac39cbe72aad25ebe57f6e92e1f052c.html#l8864
src/relay.c,8865,zim_Relay_Relay_jsonSet,/tmp/relay-coverage.relay.c.eac39cbe72aad25ebe57f6e92e1f052c.html#l8865
src/relay.c,8866,zim_Relay_Relay_jsonStrAppend,/tmp/relay-coverage.relay.c.eac39cbe72aad25ebe57f6e92e1f052c.html#l8866
src/relay.c,8867,zim_Relay_Relay_jsonStrLen,/tmp/relay-coverage.relay.c.eac39cbe72aad25ebe57f6e92e1f052c.html#l8867
src/relay.c,8868,zim_Relay_Relay_jsonToggle,/tmp/relay-coverage.relay.c.eac39cbe72aad25ebe57f6e92e1f052c.html#l8868
src/relay.c,8869,zim_Relay_Relay_jsonType,/tmp/relay-coverage.relay.c.eac39cbe72aad25ebe57f6e92e1f052c.html#l8869
src/relay.c,8871,zim_Relay_Relay_keys,/tmp/relay-coverage.relay.c.eac39cbe72aad25ebe57f6e92e1f052c.html#l8871
src/relay.c,6549,zim_Relay_Relay_lastMemoryFlush,/tmp/relay-coverage.relay.c.eac39cbe72aad25ebe57f6e92e1f052c.html#l6549
src/relay.c,6643,zim_Relay_Relay_license,/tmp/relay-coverage.relay.c.eac39cbe72aad25ebe57f6e92e1f052c.html#l6643
src/relay.c,8204,zim_Relay_Relay_memory,/tmp/relay-coverage.relay.c.eac39cbe72aad25ebe57f6e92e1f052c.html#l8204
src/relay.c,8889,zim_Relay_Relay_migrate,/tmp/relay-coverage.relay.c.eac39cbe72aad25ebe57f6e92e1f052c.html#l8889
src/relay.c,8894,zim_Relay_Relay_object,/tmp/relay-coverage.relay.c.eac39cbe72aad25ebe57f6e92e1f052c.html#l8894
src/relay.c,7939,zim_Relay_Relay_option,/tmp/relay-coverage.relay.c.eac39cbe72aad25ebe57f6e92e1f052c.html#l7939
src/relay.c,5949,zim_Relay_Relay_pconnect,/tmp/relay-coverage.relay.c.eac39cbe72aad25ebe57f6e92e1f052c.html#l5949
src/relay.c,8713,zim_Relay_Relay_psubscribe,/tmp/relay-coverage.relay.c.eac39cbe72aad25ebe57f6e92e1f052c.html#l8713
src/relay.c,8905,zim_Relay_Relay_publish,/tmp/relay-coverage.relay.c.eac39cbe72aad25ebe57f6e92e1f052c.html#l8905
src/relay.c,8906,zim_Relay_Relay_pubsub,/tmp/relay-coverage.relay.c.eac39cbe72aad25ebe57f6e92e1f052c.html#l8906
src/relay.c,8716,zim_Relay_Relay_punsubscribe,/tmp/relay-coverage.relay.c.eac39cbe72aad25ebe57f6e92e1f052c.html#l8716
src/relay.c,8910,zim_Relay_Relay_replicaof,/tmp/relay-coverage.relay.c.eac39cbe72aad25ebe57f6e92e1f052c.html#l8910
src/relay.c,8912,zim_Relay_Relay_role,/tmp/relay-coverage.relay.c.eac39cbe72aad25ebe57f6e92e1f052c.html#l8912
src/relay.c,8918,zim_Relay_Relay_save,/tmp/relay-coverage.relay.c.eac39cbe72aad25ebe57f6e92e1f052c.html#l8918
src/relay.c,8920,zim_Relay_Relay_script,/tmp/relay-coverage.relay.c.eac39cbe72aad25ebe57f6e92e1f052c.html#l8920
src/relay.c,8607,zim_Relay_Relay_serverName,/tmp/relay-coverage.relay.c.eac39cbe72aad25ebe57f6e92e1f052c.html#l8607
src/relay.c,8620,zim_Relay_Relay_serverVersion,/tmp/relay-coverage.relay.c.eac39cbe72aad25ebe57f6e92e1f052c.html#l8620
src/relay.c,8934,zim_Relay_Relay_slowlog,/tmp/relay-coverage.relay.c.eac39cbe72aad25ebe57f6e92e1f052c.html#l8934
src/relay.c,8941,zim_Relay_Relay_spublish,/tmp/relay-coverage.relay.c.eac39cbe72aad25ebe57f6e92e1f052c.html#l8941
src/relay.c,8714,zim_Relay_Relay_ssubscribe,/tmp/relay-coverage.relay.c.eac39cbe72aad25ebe57f6e92e1f052c.html#l8714
src/relay.c,8715,zim_Relay_Relay_subscribe,/tmp/relay-coverage.relay.c.eac39cbe72aad25ebe57f6e92e1f052c.html#l8715
src/relay.c,8717,zim_Relay_Relay_sunsubscribe,/tmp/relay-coverage.relay.c.eac39cbe72aad25ebe57f6e92e1f052c.html#l8717
src/relay.c,8948,zim_Relay_Relay_swapdb,/tmp/relay-coverage.relay.c.eac39cbe72aad25ebe57f6e92e1f052c.html#l8948
src/relay.c,8718,zim_Relay_Relay_unsubscribe,/tmp/relay-coverage.relay.c.eac39cbe72aad25ebe57f6e92e1f052c.html#l8718
src/relay.c,8968,zim_Relay_Relay_wait,/tmp/relay-coverage.relay.c.eac39cbe72aad25ebe57f6e92e1f052c.html#l8968
src/relay.c,8969,zim_Relay_Relay_waitaof,/tmp/relay-coverage.relay.c.eac39cbe72aad25ebe57f6e92e1f052c.html#l8969
src/relay.c,8984,zim_Relay_Relay_xread,/tmp/relay-coverage.relay.c.eac39cbe72aad25ebe57f6e92e1f052c.html#l8984
src/relay.c,8985,zim_Relay_Relay_xreadgroup,/tmp/relay-coverage.relay.c.eac39cbe72aad25ebe57f6e92e1f052c.html#l8985
src/relay.c,1712,zm_info_relay,/tmp/relay-coverage.relay.c.eac39cbe72aad25ebe57f6e92e1f052c.html#l1712
src/relay.c,7524,zvalToCmsFormula,/tmp/relay-coverage.relay.c.eac39cbe72aad25ebe57f6e92e1f052c.html#l7524
src/reply.c,306,relayNativeReplyToZVal,/tmp/relay-coverage.reply.c.7639007208dfb930a55a0075b6c47eff.html#l306
src/sentinel.c,237,relayRespCmdSendSObj,/tmp/relay-coverage.sentinel.c.baeebf67064b856a68ff3ef70919c241.html#l237
src/sentinel.c,333,relaySentinelCommand,/tmp/relay-coverage.sentinel.c.baeebf67064b856a68ff3ef70919c241.html#l333
src/sentinel.c,85,relaySentinelCreateObject,/tmp/relay-coverage.sentinel.c.baeebf67064b856a68ff3ef70919c241.html#l85
src/sentinel.c,83,relaySentinelDtor,/tmp/relay-coverage.sentinel.c.baeebf67064b856a68ff3ef70919c241.html#l83
src/sentinel.c,127,relaySentinelEmptyCmd,/tmp/relay-coverage.sentinel.c.baeebf67064b856a68ff3ef70919c241.html#l127
src/sentinel.c,65,relaySentinelFree,/tmp/relay-coverage.sentinel.c.baeebf67064b856a68ff3ef70919c241.html#l65
src/sentinel.c,56,relaySentinelGetObjectZObj,/tmp/relay-coverage.sentinel.c.baeebf67064b856a68ff3ef70919c241.html#l56
src/sentinel.c,60,relaySentinelGetObjectZVal,/tmp/relay-coverage.sentinel.c.baeebf67064b856a68ff3ef70919c241.html#l60
src/sentinel.c,286,relaySentinelGetSyncedObject,/tmp/relay-coverage.sentinel.c.baeebf67064b856a68ff3ef70919c241.html#l286
src/sentinel.c,212,relaySentinelHello,/tmp/relay-coverage.sentinel.c.baeebf67064b856a68ff3ef70919c241.html#l212
src/sentinel.c,206,relaySentinelHelloErrorCb,/tmp/relay-coverage.sentinel.c.baeebf67064b856a68ff3ef70919c241.html#l206
src/sentinel.c,139,relaySentinelPingCmd,/tmp/relay-coverage.sentinel.c.baeebf67064b856a68ff3ef70919c241.html#l139
src/sentinel.c,222,relaySentinelReconnect,/tmp/relay-coverage.sentinel.c.baeebf67064b856a68ff3ef70919c241.html#l222
src/sentinel.c,245,relaySentinelSendCommand,/tmp/relay-coverage.sentinel.c.baeebf67064b856a68ff3ef70919c241.html#l245
src/sentinel.c,112,relaySentinelStrCmd,/tmp/relay-coverage.sentinel.c.baeebf67064b856a68ff3ef70919c241.html#l112
src/sentinel.c,175,relaySentinelValidateReplyType,/tmp/relay-coverage.sentinel.c.baeebf67064b856a68ff3ef70919c241.html#l175
src/sentinel.c,447,zendLongToSentinelOption,/tmp/relay-coverage.sentinel.c.baeebf67064b856a68ff3ef70919c241.html#l447
src/sentinel.c,372,zim_Relay_Sentinel___construct,/tmp/relay-coverage.sentinel.c.baeebf67064b856a68ff3ef70919c241.html#l372
src/sentinel.c,513,zim_Relay_Sentinel_ckquorum,/tmp/relay-coverage.sentinel.c.baeebf67064b856a68ff3ef70919c241.html#l513
src/sentinel.c,514,zim_Relay_Sentinel_failover,/tmp/relay-coverage.sentinel.c.baeebf67064b856a68ff3ef70919c241.html#l514
src/sentinel.c,522,zim_Relay_Sentinel_flushconfig,/tmp/relay-coverage.sentinel.c.baeebf67064b856a68ff3ef70919c241.html#l522
src/sentinel.c,431,zim_Relay_Sentinel_getLastError,/tmp/relay-coverage.sentinel.c.baeebf67064b856a68ff3ef70919c241.html#l431
src/sentinel.c,519,zim_Relay_Sentinel_getMasterAddrByName,/tmp/relay-coverage.sentinel.c.baeebf67064b856a68ff3ef70919c241.html#l519
src/sentinel.c,458,zim_Relay_Sentinel_getOption,/tmp/relay-coverage.sentinel.c.baeebf67064b856a68ff3ef70919c241.html#l458
src/sentinel.c,520,zim_Relay_Sentinel_getPrimaryAddrByName,/tmp/relay-coverage.sentinel.c.baeebf67064b856a68ff3ef70919c241.html#l520
src/sentinel.c,515,zim_Relay_Sentinel_master,/tmp/relay-coverage.sentinel.c.baeebf67064b856a68ff3ef70919c241.html#l515
src/sentinel.c,523,zim_Relay_Sentinel_masters,/tmp/relay-coverage.sentinel.c.baeebf67064b856a68ff3ef70919c241.html#l523
src/sentinel.c,525,zim_Relay_Sentinel_myid,/tmp/relay-coverage.sentinel.c.baeebf67064b856a68ff3ef70919c241.html#l525
src/sentinel.c,526,zim_Relay_Sentinel_ping,/tmp/relay-coverage.sentinel.c.baeebf67064b856a68ff3ef70919c241.html#l526
src/sentinel.c,524,zim_Relay_Sentinel_primaries,/tmp/relay-coverage.sentinel.c.baeebf67064b856a68ff3ef70919c241.html#l524
src/sentinel.c,516,zim_Relay_Sentinel_primary,/tmp/relay-coverage.sentinel.c.baeebf67064b856a68ff3ef70919c241.html#l516
src/sentinel.c,521,zim_Relay_Sentinel_reset,/tmp/relay-coverage.sentinel.c.baeebf67064b856a68ff3ef70919c241.html#l521
src/sentinel.c,517,zim_Relay_Sentinel_sentinels,/tmp/relay-coverage.sentinel.c.baeebf67064b856a68ff3ef70919c241.html#l517
src/sentinel.c,480,zim_Relay_Sentinel_setOption,/tmp/relay-coverage.sentinel.c.baeebf67064b856a68ff3ef70919c241.html#l480
src/sentinel.c,518,zim_Relay_Sentinel_slaves,/tmp/relay-coverage.sentinel.c.baeebf67064b856a68ff3ef70919c241.html#l518
src/session.c,238,freeRawArgs,/tmp/relay-coverage.session.c.5cffc2c52de5b9d9ca09e86e6998561d.html#l238
src/session.c,69,getLockReleaseCmd,/tmp/relay-coverage.session.c.5cffc2c52de5b9d9ca09e86e6998561d.html#l69
src/session.c,295,lockReleaseDelEx,/tmp/relay-coverage.session.c.5cffc2c52de5b9d9ca09e86e6998561d.html#l295
src/session.c,279,lockReleaseDelifeq,/tmp/relay-coverage.session.c.5cffc2c52de5b9d9ca09e86e6998561d.html#l279
src/session.c,312,lockReleaseEval,/tmp/relay-coverage.session.c.5cffc2c52de5b9d9ca09e86e6998561d.html#l312
src/session.c,619,ps_close_relay,/tmp/relay-coverage.session.c.5cffc2c52de5b9d9ca09e86e6998561d.html#l619
src/session.c,740,ps_create_sid_relay,/tmp/relay-coverage.session.c.5cffc2c52de5b9d9ca09e86e6998561d.html#l740
src/session.c,705,ps_delete_relay,/tmp/relay-coverage.session.c.5cffc2c52de5b9d9ca09e86e6998561d.html#l705
src/session.c,736,ps_gc_relay,/tmp/relay-coverage.session.c.5cffc2c52de5b9d9ca09e86e6998561d.html#l736
src/session.c,585,ps_open_relay,/tmp/relay-coverage.session.c.5cffc2c52de5b9d9ca09e86e6998561d.html#l585
src/session.c,634,ps_read_relay,/tmp/relay-coverage.session.c.5cffc2c52de5b9d9ca09e86e6998561d.html#l634
src/session.c,803,ps_update_timestamp_relay,/tmp/relay-coverage.session.c.5cffc2c52de5b9d9ca09e86e6998561d.html#l803
src/session.c,777,ps_validate_sid_relay,/tmp/relay-coverage.session.c.5cffc2c52de5b9d9ca09e86e6998561d.html#l777
src/session.c,671,ps_write_relay,/tmp/relay-coverage.session.c.5cffc2c52de5b9d9ca09e86e6998561d.html#l671
src/session.c,144,relaySessionAcquireLock,/tmp/relay-coverage.session.c.5cffc2c52de5b9d9ca09e86e6998561d.html#l144
src/session.c,360,relaySessionAddShard,/tmp/relay-coverage.session.c.5cffc2c52de5b9d9ca09e86e6998561d.html#l360
src/session.c,93,relaySessionClearLock,/tmp/relay-coverage.session.c.5cffc2c52de5b9d9ca09e86e6998561d.html#l93
src/session.c,475,relaySessionDtor,/tmp/relay-coverage.session.c.5cffc2c52de5b9d9ca09e86e6998561d.html#l475
src/session.c,204,relaySessionEnsureLock,/tmp/relay-coverage.session.c.5cffc2c52de5b9d9ca09e86e6998561d.html#l204
src/session.c,84,relaySessionInitLock,/tmp/relay-coverage.session.c.5cffc2c52de5b9d9ca09e86e6998561d.html#l84
src/session.c,101,relaySessionLockValue,/tmp/relay-coverage.session.c.5cffc2c52de5b9d9ca09e86e6998561d.html#l101
src/session.c,329,relaySessionReleaseLock,/tmp/relay-coverage.session.c.5cffc2c52de5b9d9ca09e86e6998561d.html#l329
src/session.c,120,relaySessionShardRObj,/tmp/relay-coverage.session.c.5cffc2c52de5b9d9ca09e86e6998561d.html#l120
src/session.c,247,sendEvalCmd,/tmp/relay-coverage.session.c.5cffc2c52de5b9d9ca09e86e6998561d.html#l247
src/session.c,543,sessionCompress,/tmp/relay-coverage.session.c.5cffc2c52de5b9d9ca09e86e6998561d.html#l543
src/session.c,525,sessionCompressionInfo,/tmp/relay-coverage.session.c.5cffc2c52de5b9d9ca09e86e6998561d.html#l525
src/session.c,539,sessionCompressionLevel,/tmp/relay-coverage.session.c.5cffc2c52de5b9d9ca09e86e6998561d.html#l539
src/session.c,489,sessionCompressionSetting,/tmp/relay-coverage.session.c.5cffc2c52de5b9d9ca09e86e6998561d.html#l489
src/session.c,499,sessionCompressionType,/tmp/relay-coverage.session.c.5cffc2c52de5b9d9ca09e86e6998561d.html#l499
src/session.c,557,sessionUncompress,/tmp/relay-coverage.session.c.5cffc2c52de5b9d9ca09e86e6998561d.html#l557
src/session.c,110,shardFailureDocref,/tmp/relay-coverage.session.c.5cffc2c52de5b9d9ca09e86e6998561d.html#l110
src/session.c,353,throwSavePathException,/tmp/relay-coverage.session.c.5cffc2c52de5b9d9ca09e86e6998561d.html#l353
src/shmalloc.c,95,relayShArenaSource,/tmp/relay-coverage.shmalloc.c.7c33a4c9b04058577e002461517b421c.html#l95
src/shmalloc.c,1204,relayShAvailable,/tmp/relay-coverage.shmalloc.c.7c33a4c9b04058577e002461517b421c.html#l1204
src/shmalloc.c,1317,relayShDetails,/tmp/relay-coverage.shmalloc.c.7c33a4c9b04058577e002461517b421c.html#l1317
src/shmalloc.c,1007,relayShRealloc,/tmp/relay-coverage.shmalloc.c.7c33a4c9b04058577e002461517b421c.html#l1007
src/shmalloc.c,288,relayShSetCap,/tmp/relay-coverage.shmalloc.c.7c33a4c9b04058577e002461517b421c.html#l288
src/shmalloc.c,55,relayTouchArena,/tmp/relay-coverage.shmalloc.c.7c33a4c9b04058577e002461517b421c.html#l55
src/table.c,244,relaySizeAdd,/tmp/relay-coverage.table.c.c5b53da64b895f27444b4fe1037accdc.html#l244
src/table.c,252,relaySizeMultiply,/tmp/relay-coverage.table.c.c5b53da64b895f27444b4fe1037accdc.html#l252
src/table.c,693,relayStatsApply,/tmp/relay-coverage.table.c.c5b53da64b895f27444b4fe1037accdc.html#l693
src/table.c,639,relayStatsExtractValues,/tmp/relay-coverage.table.c.c5b53da64b895f27444b4fe1037accdc.html#l639
src/table.c,226,relayStatsFields,/tmp/relay-coverage.table.c.c5b53da64b895f27444b4fe1037accdc.html#l226
src/table.c,230,relayStatsNames,/tmp/relay-coverage.table.c.c5b53da64b895f27444b4fe1037accdc.html#l230
src/table.c,273,relayStatsOpFromSigil,/tmp/relay-coverage.table.c.c5b53da64b895f27444b4fe1037accdc.html#l273
src/table.c,260,relayStatsOpName,/tmp/relay-coverage.table.c.c5b53da64b895f27444b4fe1037accdc.html#l260
src/table.c,234,relayStatsRow,/tmp/relay-coverage.table.c.c5b53da64b895f27444b4fe1037accdc.html#l234
src/table.c,240,relayStatsRowCounts,/tmp/relay-coverage.table.c.c5b53da64b895f27444b4fe1037accdc.html#l240
src/table.c,508,relayStatsValueCreate,/tmp/relay-coverage.table.c.c5b53da64b895f27444b4fe1037accdc.html#l508
src/table.c,1091,relayTableCreateGenerator,/tmp/relay-coverage.table.c.c5b53da64b895f27444b4fe1037accdc.html#l1091
src/table.c,112,relayTableCursorFree,/tmp/relay-coverage.table.c.c5b53da64b895f27444b4fe1037accdc.html#l112
src/table.c,1059,relayTableDestroyGenerator,/tmp/relay-coverage.table.c.c5b53da64b895f27444b4fe1037accdc.html#l1059
src/table.c,1069,relayTableFreeGenerator,/tmp/relay-coverage.table.c.c5b53da64b895f27444b4fe1037accdc.html#l1069
src/table.c,917,relayTableFullScan,/tmp/relay-coverage.table.c.c5b53da64b895f27444b4fe1037accdc.html#l917
src/table.c,1046,relayTableFullscanGeneratorGetIterator,/tmp/relay-coverage.table.c.c5b53da64b895f27444b4fe1037accdc.html#l1046
src/table.c,1011,relayTableFullscanIteratorGetCurrentData,/tmp/relay-coverage.table.c.c5b53da64b895f27444b4fe1037accdc.html#l1011
src/table.c,851,relayTableGC,/tmp/relay-coverage.table.c.c5b53da64b895f27444b4fe1037accdc.html#l851
src/table.c,347,relayTableHTClear,/tmp/relay-coverage.table.c.c5b53da64b895f27444b4fe1037accdc.html#l347
src/table.c,166,relayTableHTContainer,/tmp/relay-coverage.table.c.c5b53da64b895f27444b4fe1037accdc.html#l166
src/table.c,398,relayTableHTCreate,/tmp/relay-coverage.table.c.c5b53da64b895f27444b4fe1037accdc.html#l398
src/table.c,383,relayTableHTDestroy,/tmp/relay-coverage.table.c.c5b53da64b895f27444b4fe1037accdc.html#l383
src/table.c,832,relayTableHTGet,/tmp/relay-coverage.table.c.c5b53da64b895f27444b4fe1037accdc.html#l832
src/table.c,375,relayTableHTRelease,/tmp/relay-coverage.table.c.c5b53da64b895f27444b4fe1037accdc.html#l375
src/table.c,387,relayTableHTRetire,/tmp/relay-coverage.table.c.c5b53da64b895f27444b4fe1037accdc.html#l387
src/table.c,765,relayTableItemAlloc,/tmp/relay-coverage.table.c.c5b53da64b895f27444b4fe1037accdc.html#l765
src/table.c,309,relayTableItemDestroy,/tmp/relay-coverage.table.c.c5b53da64b895f27444b4fe1037accdc.html#l309
src/table.c,313,relayTableItemFree,/tmp/relay-coverage.table.c.c5b53da64b895f27444b4fe1037accdc.html#l313
src/table.c,299,relayTableItemRelease,/tmp/relay-coverage.table.c.c5b53da64b895f27444b4fe1037accdc.html#l299
src/table.c,319,relayTableItemSize,/tmp/relay-coverage.table.c.c5b53da64b895f27444b4fe1037accdc.html#l319
src/table.c,994,relayTableIteratorDtor,/tmp/relay-coverage.table.c.c5b53da64b895f27444b4fe1037accdc.html#l994
src/table.c,1027,relayTableIteratorMoveForward,/tmp/relay-coverage.table.c.c5b53da64b895f27444b4fe1037accdc.html#l1027
src/table.c,998,relayTableIteratorValid,/tmp/relay-coverage.table.c.c5b53da64b895f27444b4fe1037accdc.html#l998
src/table.c,207,relayTableRhsCmp,/tmp/relay-coverage.table.c.c5b53da64b895f27444b4fe1037accdc.html#l207
src/table.c,214,relayTableRhsHash,/tmp/relay-coverage.table.c.c5b53da64b895f27444b4fe1037accdc.html#l214
src/table.c,155,relayValueContainer,/tmp/relay-coverage.table.c.c5b53da64b895f27444b4fe1037accdc.html#l155
src/table.c,476,relayValueCreateDouble,/tmp/relay-coverage.table.c.c5b53da64b895f27444b4fe1037accdc.html#l476
src/table.c,459,relayValueCreateLong,/tmp/relay-coverage.table.c.c5b53da64b895f27444b4fe1037accdc.html#l459
src/table.c,490,relayValueCreateString,/tmp/relay-coverage.table.c.c5b53da64b895f27444b4fe1037accdc.html#l490
src/table.c,289,relayValueFree,/tmp/relay-coverage.table.c.c5b53da64b895f27444b4fe1037accdc.html#l289
src/table.c,428,relayValueToZVal,/tmp/relay-coverage.table.c.c5b53da64b895f27444b4fe1037accdc.html#l428
src/table.c,783,relayZValToTableItem,/tmp/relay-coverage.table.c.c5b53da64b895f27444b4fe1037accdc.html#l783
src/table.c,1838,zim_Relay_Table_clear,/tmp/relay-coverage.table.c.c5b53da64b895f27444b4fe1037accdc.html#l1838
src/table.c,1995,zim_Relay_Table_clearAll,/tmp/relay-coverage.table.c.c5b53da64b895f27444b4fe1037accdc.html#l1995
src/table.c,1895,zim_Relay_Table_count,/tmp/relay-coverage.table.c.c5b53da64b895f27444b4fe1037accdc.html#l1895
src/table.c,1754,zim_Relay_Table_delete,/tmp/relay-coverage.table.c.c5b53da64b895f27444b4fe1037accdc.html#l1754
src/table.c,1717,zim_Relay_Table_exists,/tmp/relay-coverage.table.c.c5b53da64b895f27444b4fe1037accdc.html#l1717
src/table.c,2008,zim_Relay_Table_fullscan,/tmp/relay-coverage.table.c.c5b53da64b895f27444b4fe1037accdc.html#l2008
src/table.c,1173,zim_Relay_Table_get,/tmp/relay-coverage.table.c.c5b53da64b895f27444b4fe1037accdc.html#l1173
src/table.c,1530,zim_Relay_Table_getMetrics,/tmp/relay-coverage.table.c.c5b53da64b895f27444b4fe1037accdc.html#l1530
src/table.c,1220,zim_Relay_Table_getWithMeta,/tmp/relay-coverage.table.c.c5b53da64b895f27444b4fe1037accdc.html#l1220
src/table.c,1931,zim_Relay_Table_keys,/tmp/relay-coverage.table.c.c5b53da64b895f27444b4fe1037accdc.html#l1931
src/table.c,1867,zim_Relay_Table_memory,/tmp/relay-coverage.table.c.c5b53da64b895f27444b4fe1037accdc.html#l1867
src/table.c,1971,zim_Relay_Table_namespaces,/tmp/relay-coverage.table.c.c5b53da64b895f27444b4fe1037accdc.html#l1971
src/table.c,1378,zim_Relay_Table_recordMetrics,/tmp/relay-coverage.table.c.c5b53da64b895f27444b4fe1037accdc.html#l1378
src/table.c,1272,zim_Relay_Table_set,/tmp/relay-coverage.table.c.c5b53da64b895f27444b4fe1037accdc.html#l1272
src/table.c,2040,zim_Relay_Table_stats,/tmp/relay-coverage.table.c.c5b53da64b895f27444b4fe1037accdc.html#l2040
src/table.c,1801,zim_Relay_Table_ttl,/tmp/relay-coverage.table.c.c5b53da64b895f27444b4fe1037accdc.html#l1801
src/xxhash/xxhash.h,5371,XXH128,/tmp/relay-coverage.xxhash.h.7335dffb1df0b5209e5c6497adbab9c3.html#l5371
src/xxhash/xxhash.h,5477,XXH128_canonicalFromHash,/tmp/relay-coverage.xxhash.h.7335dffb1df0b5209e5c6497adbab9c3.html#l5477
src/xxhash/xxhash.h,5463,XXH128_cmp,/tmp/relay-coverage.xxhash.h.7335dffb1df0b5209e5c6497adbab9c3.html#l5463
src/xxhash/xxhash.h,5490,XXH128_hashFromCanonical,/tmp/relay-coverage.xxhash.h.7335dffb1df0b5209e5c6497adbab9c3.html#l5490
src/xxhash/xxhash.h,5452,XXH128_isEqual,/tmp/relay-coverage.xxhash.h.7335dffb1df0b5209e5c6497adbab9c3.html#l5452
src/xxhash/xxhash.h,5132,XXH128_mix32B,/tmp/relay-coverage.xxhash.h.7335dffb1df0b5209e5c6497adbab9c3.html#l5132
src/xxhash/xxhash.h,2117,XXH32,/tmp/relay-coverage.xxhash.h.7335dffb1df0b5209e5c6497adbab9c3.html#l2117
src/xxhash/xxhash.h,1968,XXH32_avalanche,/tmp/relay-coverage.xxhash.h.7335dffb1df0b5209e5c6497adbab9c3.html#l1968
src/xxhash/xxhash.h,2264,XXH32_canonicalFromHash,/tmp/relay-coverage.xxhash.h.7335dffb1df0b5209e5c6497adbab9c3.html#l2264
src/xxhash/xxhash.h,2153,XXH32_copyState,/tmp/relay-coverage.xxhash.h.7335dffb1df0b5209e5c6497adbab9c3.html#l2153
src/xxhash/xxhash.h,2141,XXH32_createState,/tmp/relay-coverage.xxhash.h.7335dffb1df0b5209e5c6497adbab9c3.html#l2141
src/xxhash/xxhash.h,2229,XXH32_digest,/tmp/relay-coverage.xxhash.h.7335dffb1df0b5209e5c6497adbab9c3.html#l2229
src/xxhash/xxhash.h,2084,XXH32_endian_align,/tmp/relay-coverage.xxhash.h.7335dffb1df0b5209e5c6497adbab9c3.html#l2084
src/xxhash/xxhash.h,1995,XXH32_finalize,/tmp/relay-coverage.xxhash.h.7335dffb1df0b5209e5c6497adbab9c3.html#l1995
src/xxhash/xxhash.h,2146,XXH32_freeState,/tmp/relay-coverage.xxhash.h.7335dffb1df0b5209e5c6497adbab9c3.html#l2146
src/xxhash/xxhash.h,2271,XXH32_hashFromCanonical,/tmp/relay-coverage.xxhash.h.7335dffb1df0b5209e5c6497adbab9c3.html#l2271
src/xxhash/xxhash.h,2159,XXH32_reset,/tmp/relay-coverage.xxhash.h.7335dffb1df0b5209e5c6497adbab9c3.html#l2159
src/xxhash/xxhash.h,1914,XXH32_round,/tmp/relay-coverage.xxhash.h.7335dffb1df0b5209e5c6497adbab9c3.html#l1914
src/xxhash/xxhash.h,2175,XXH32_update,/tmp/relay-coverage.xxhash.h.7335dffb1df0b5209e5c6497adbab9c3.html#l2175
src/xxhash/xxhash.h,5335,XXH3_128bits,/tmp/relay-coverage.xxhash.h.7335dffb1df0b5209e5c6497adbab9c3.html#l5335
src/xxhash/xxhash.h,5421,XXH3_128bits_digest,/tmp/relay-coverage.xxhash.h.7335dffb1df0b5209e5c6497adbab9c3.html#l5421
src/xxhash/xxhash.h,5311,XXH3_128bits_internal,/tmp/relay-coverage.xxhash.h.7335dffb1df0b5209e5c6497adbab9c3.html#l5311
src/xxhash/xxhash.h,5386,XXH3_128bits_reset,/tmp/relay-coverage.xxhash.h.7335dffb1df0b5209e5c6497adbab9c3.html#l5386
src/xxhash/xxhash.h,5393,XXH3_128bits_reset_withSecret,/tmp/relay-coverage.xxhash.h.7335dffb1df0b5209e5c6497adbab9c3.html#l5393
src/xxhash/xxhash.h,5407,XXH3_128bits_reset_withSecretandSeed,/tmp/relay-coverage.xxhash.h.7335dffb1df0b5209e5c6497adbab9c3.html#l5407
src/xxhash/xxhash.h,5400,XXH3_128bits_reset_withSeed,/tmp/relay-coverage.xxhash.h.7335dffb1df0b5209e5c6497adbab9c3.html#l5400
src/xxhash/xxhash.h,5414,XXH3_128bits_update,/tmp/relay-coverage.xxhash.h.7335dffb1df0b5209e5c6497adbab9c3.html#l5414
src/xxhash/xxhash.h,5344,XXH3_128bits_withSecret,/tmp/relay-coverage.xxhash.h.7335dffb1df0b5209e5c6497adbab9c3.html#l5344
src/xxhash/xxhash.h,5362,XXH3_128bits_withSecretandSeed,/tmp/relay-coverage.xxhash.h.7335dffb1df0b5209e5c6497adbab9c3.html#l5362
src/xxhash/xxhash.h,5353,XXH3_128bits_withSeed,/tmp/relay-coverage.xxhash.h.7335dffb1df0b5209e5c6497adbab9c3.html#l5353
src/xxhash/xxhash.h,4945,XXH3_64bits_digest,/tmp/relay-coverage.xxhash.h.7335dffb1df0b5209e5c6497adbab9c3.html#l4945
src/xxhash/xxhash.h,4709,XXH3_64bits_reset,/tmp/relay-coverage.xxhash.h.7335dffb1df0b5209e5c6497adbab9c3.html#l4709
src/xxhash/xxhash.h,4718,XXH3_64bits_reset_withSecret,/tmp/relay-coverage.xxhash.h.7335dffb1df0b5209e5c6497adbab9c3.html#l4718
src/xxhash/xxhash.h,4741,XXH3_64bits_reset_withSecretandSeed,/tmp/relay-coverage.xxhash.h.7335dffb1df0b5209e5c6497adbab9c3.html#l4741
src/xxhash/xxhash.h,4729,XXH3_64bits_reset_withSeed,/tmp/relay-coverage.xxhash.h.7335dffb1df0b5209e5c6497adbab9c3.html#l4729
src/xxhash/xxhash.h,4903,XXH3_64bits_update,/tmp/relay-coverage.xxhash.h.7335dffb1df0b5209e5c6497adbab9c3.html#l4903
src/xxhash/xxhash.h,4569,XXH3_64bits_withSecret,/tmp/relay-coverage.xxhash.h.7335dffb1df0b5209e5c6497adbab9c3.html#l4569
src/xxhash/xxhash.h,4582,XXH3_64bits_withSecretandSeed,/tmp/relay-coverage.xxhash.h.7335dffb1df0b5209e5c6497adbab9c3.html#l4582
src/xxhash/xxhash.h,4197,XXH3_accumulate_512_scalar,/tmp/relay-coverage.xxhash.h.7335dffb1df0b5209e5c6497adbab9c3.html#l4197
src/xxhash/xxhash.h,5506,XXH3_combine16,/tmp/relay-coverage.xxhash.h.7335dffb1df0b5209e5c6497adbab9c3.html#l5506
src/xxhash/xxhash.h,4755,XXH3_consumeStripes,/tmp/relay-coverage.xxhash.h.7335dffb1df0b5209e5c6497adbab9c3.html#l4755
src/xxhash/xxhash.h,4675,XXH3_copyState,/tmp/relay-coverage.xxhash.h.7335dffb1df0b5209e5c6497adbab9c3.html#l4675
src/xxhash/xxhash.h,4658,XXH3_createState,/tmp/relay-coverage.xxhash.h.7335dffb1df0b5209e5c6497adbab9c3.html#l4658
src/xxhash/xxhash.h,4911,XXH3_digest_long,/tmp/relay-coverage.xxhash.h.7335dffb1df0b5209e5c6497adbab9c3.html#l4911
src/xxhash/xxhash.h,4667,XXH3_freeState,/tmp/relay-coverage.xxhash.h.7335dffb1df0b5209e5c6497adbab9c3.html#l4667
src/xxhash/xxhash.h,5514,XXH3_generateSecret,/tmp/relay-coverage.xxhash.h.7335dffb1df0b5209e5c6497adbab9c3.html#l5514
src/xxhash/xxhash.h,5551,XXH3_generateSecret_fromSeed,/tmp/relay-coverage.xxhash.h.7335dffb1df0b5209e5c6497adbab9c3.html#l5551
src/xxhash/xxhash.h,5254,XXH3_hashLong_128b_default,/tmp/relay-coverage.xxhash.h.7335dffb1df0b5209e5c6497adbab9c3.html#l5254
src/xxhash/xxhash.h,5226,XXH3_hashLong_128b_internal,/tmp/relay-coverage.xxhash.h.7335dffb1df0b5209e5c6497adbab9c3.html#l5226
src/xxhash/xxhash.h,5268,XXH3_hashLong_128b_withSecret,/tmp/relay-coverage.xxhash.h.7335dffb1df0b5209e5c6497adbab9c3.html#l5268
src/xxhash/xxhash.h,5299,XXH3_hashLong_128b_withSeed,/tmp/relay-coverage.xxhash.h.7335dffb1df0b5209e5c6497adbab9c3.html#l5299
src/xxhash/xxhash.h,5278,XXH3_hashLong_128b_withSeed_internal,/tmp/relay-coverage.xxhash.h.7335dffb1df0b5209e5c6497adbab9c3.html#l5278
src/xxhash/xxhash.h,4470,XXH3_hashLong_64b_withSecret,/tmp/relay-coverage.xxhash.h.7335dffb1df0b5209e5c6497adbab9c3.html#l4470
src/xxhash/xxhash.h,4232,XXH3_initCustomSecret_scalar,/tmp/relay-coverage.xxhash.h.7335dffb1df0b5209e5c6497adbab9c3.html#l4232
src/xxhash/xxhash.h,5113,XXH3_len_0to16_128b,/tmp/relay-coverage.xxhash.h.7335dffb1df0b5209e5c6497adbab9c3.html#l5113
src/xxhash/xxhash.h,5177,XXH3_len_129to240_128b,/tmp/relay-coverage.xxhash.h.7335dffb1df0b5209e5c6497adbab9c3.html#l5177
src/xxhash/xxhash.h,5144,XXH3_len_17to128_128b,/tmp/relay-coverage.xxhash.h.7335dffb1df0b5209e5c6497adbab9c3.html#l5144
src/xxhash/xxhash.h,4982,XXH3_len_1to3_128b,/tmp/relay-coverage.xxhash.h.7335dffb1df0b5209e5c6497adbab9c3.html#l4982
src/xxhash/xxhash.h,5011,XXH3_len_4to8_128b,/tmp/relay-coverage.xxhash.h.7335dffb1df0b5209e5c6497adbab9c3.html#l5011
src/xxhash/xxhash.h,5038,XXH3_len_9to16_128b,/tmp/relay-coverage.xxhash.h.7335dffb1df0b5209e5c6497adbab9c3.html#l5038
src/xxhash/xxhash.h,4681,XXH3_reset_internal,/tmp/relay-coverage.xxhash.h.7335dffb1df0b5209e5c6497adbab9c3.html#l4681
src/xxhash/xxhash.h,4215,XXH3_scrambleAcc_scalar,/tmp/relay-coverage.xxhash.h.7335dffb1df0b5209e5c6497adbab9c3.html#l4215
src/xxhash/xxhash.h,4787,XXH3_update,/tmp/relay-coverage.xxhash.h.7335dffb1df0b5209e5c6497adbab9c3.html#l4787
src/xxhash/xxhash.h,2535,XXH64,/tmp/relay-coverage.xxhash.h.7335dffb1df0b5209e5c6497adbab9c3.html#l2535
src/xxhash/xxhash.h,2664,XXH64_canonicalFromHash,/tmp/relay-coverage.xxhash.h.7335dffb1df0b5209e5c6497adbab9c3.html#l2664
src/xxhash/xxhash.h,2569,XXH64_copyState,/tmp/relay-coverage.xxhash.h.7335dffb1df0b5209e5c6497adbab9c3.html#l2569
src/xxhash/xxhash.h,2557,XXH64_createState,/tmp/relay-coverage.xxhash.h.7335dffb1df0b5209e5c6497adbab9c3.html#l2557
src/xxhash/xxhash.h,2641,XXH64_digest,/tmp/relay-coverage.xxhash.h.7335dffb1df0b5209e5c6497adbab9c3.html#l2641
src/xxhash/xxhash.h,2498,XXH64_endian_align,/tmp/relay-coverage.xxhash.h.7335dffb1df0b5209e5c6497adbab9c3.html#l2498
src/xxhash/xxhash.h,2462,XXH64_finalize,/tmp/relay-coverage.xxhash.h.7335dffb1df0b5209e5c6497adbab9c3.html#l2462
src/xxhash/xxhash.h,2562,XXH64_freeState,/tmp/relay-coverage.xxhash.h.7335dffb1df0b5209e5c6497adbab9c3.html#l2562
src/xxhash/xxhash.h,2672,XXH64_hashFromCanonical,/tmp/relay-coverage.xxhash.h.7335dffb1df0b5209e5c6497adbab9c3.html#l2672
src/xxhash/xxhash.h,2440,XXH64_mergeRound,/tmp/relay-coverage.xxhash.h.7335dffb1df0b5209e5c6497adbab9c3.html#l2440
src/xxhash/xxhash.h,2575,XXH64_reset,/tmp/relay-coverage.xxhash.h.7335dffb1df0b5209e5c6497adbab9c3.html#l2575
src/xxhash/xxhash.h,2432,XXH64_round,/tmp/relay-coverage.xxhash.h.7335dffb1df0b5209e5c6497adbab9c3.html#l2432
src/xxhash/xxhash.h,2590,XXH64_update,/tmp/relay-coverage.xxhash.h.7335dffb1df0b5209e5c6497adbab9c3.html#l2590
src/xxhash/xxhash.h,4646,XXH_alignedFree,/tmp/relay-coverage.xxhash.h.7335dffb1df0b5209e5c6497adbab9c3.html#l4646
src/xxhash/xxhash.h,4615,XXH_alignedMalloc,/tmp/relay-coverage.xxhash.h.7335dffb1df0b5209e5c6497adbab9c3.html#l4615
src/xxhash/xxhash.h,1472,XXH_free,/tmp/relay-coverage.xxhash.h.7335dffb1df0b5209e5c6497adbab9c3.html#l1472
src/xxhash/xxhash.h,1466,XXH_malloc,/tmp/relay-coverage.xxhash.h.7335dffb1df0b5209e5c6497adbab9c3.html#l1466
src/xxhash/xxhash.h,1855,XXH_readBE32,/tmp/relay-coverage.xxhash.h.7335dffb1df0b5209e5c6497adbab9c3.html#l1855
src/xxhash/xxhash.h,2394,XXH_readBE64,/tmp/relay-coverage.xxhash.h.7335dffb1df0b5209e5c6497adbab9c3.html#l2394
src/xxhash/xxhash.h,1862,XXH_readLE32_align,/tmp/relay-coverage.xxhash.h.7335dffb1df0b5209e5c6497adbab9c3.html#l1862
src/xxhash/xxhash.h,2401,XXH_readLE64_align,/tmp/relay-coverage.xxhash.h.7335dffb1df0b5209e5c6497adbab9c3.html#l2401
src/xxhash/xxhash.h,1876,XXH_versionNumber,/tmp/relay-coverage.xxhash.h.7335dffb1df0b5209e5c6497adbab9c3.html#l1876
src/xxhash/xxhash.h,3667,XXH_writeLE64,/tmp/relay-coverage.xxhash.h.7335dffb1df0b5209e5c6497adbab9c3.html#l3667
